Fecha y hora (CDMX),Liga,Partido,APUESTA LOCAL si pagan ≥,APUESTA EMPATE si pagan ≥,APUESTA VISITA si pagan ≥,Justo local,Justo empate,Justo visita,Casas en consenso,"Pinnacle (L, E, V)"
vie 09/10 12:30,Bundesliga,Borussia Dortmund vs Werder Bremen,1.42,6.19,8.84,1.39,6.07,8.66,20,"1.36, 5.50, 7.11"
vie 09/10 12:45,Ligue 1,RC Lens vs Lyon,2.31,4.09,3.29,2.27,4.01,3.23,20,"2.21, 3.78, 2.99"
vie 09/10 13:00,LaLiga,Málaga vs Espanyol,2.85,3.54,2.89,2.79,3.47,2.83,18,"2.67, 3.26, 2.72"
vie 09/10 19:00,Liga MX,Puebla vs León,3.31,3.74,2.44,3.24,3.66,2.39,12,
vie 09/10 21:00,Liga MX,Tigres vs Toluca,3.06,3.84,2.55,3.0,3.76,2.5,12,
sáb 10/10 05:30,Premier League,Arsenal vs Leeds United,1.44,5.52,9.37,1.42,5.41,9.19,21,"1.38, 4.94, 7.67"
sáb 10/10 06:00,LaLiga,Rayo Vallecano vs Athletic Bilbao,3.2,3.7,2.51,3.14,3.63,2.46,18,"2.93, 3.45, 2.39"
sáb 10/10 07:00,Serie A,Genoa vs Fiorentina,3.34,3.65,2.46,3.27,3.57,2.41,19,"3.14, 3.33, 2.32"
sáb 10/10 07:30,Bundesliga,Union Berlin vs Elversberg,2.36,4.18,3.14,2.32,4.1,3.08,20,"2.19, 3.96, 2.93"
sáb 10/10 07:30,Bundesliga,SC Paderborn vs VfB Stuttgart,5.33,5.08,1.68,5.23,4.98,1.64,20,"4.85, 4.65, 1.57"
sáb 10/10 07:30,Bundesliga,TSG Hoffenheim vs Hamburger SV,1.49,5.63,7.6,1.46,5.52,7.45,20,"1.45, 4.65, 6.62"
sáb 10/10 07:30,Bundesliga,FSV Mainz 05 vs Bayer Leverkusen,3.12,4.23,2.36,3.06,4.14,2.31,20,"2.90, 3.90, 2.22"
sáb 10/10 07:30,Bundesliga,Augsburg vs Bayern Munich,12.42,8.95,1.27,12.17,8.77,1.24,20,"8.39, 8.28, 1.22"
sáb 10/10 08:00,Premier League,Aston Villa vs Brentford,2.77,3.86,2.77,2.72,3.79,2.72,21,"2.63, 3.54, 2.58"
sáb 10/10 08:00,Premier League,Chelsea vs Bournemouth,1.81,4.55,4.81,1.77,4.46,4.71,21,"1.71, 4.08, 4.42"
sáb 10/10 08:00,Premier League,Ipswich Town vs Fulham,2.87,3.84,2.69,2.81,3.76,2.64,21,"2.66, 3.60, 2.52"
sáb 10/10 08:00,Premier League,Sunderland vs Brighton and Hove Albion,3.13,3.77,2.53,3.06,3.69,2.48,21,"2.87, 3.52, 2.40"
sáb 10/10 08:15,LaLiga,Alavés vs Atlético Madrid,4.58,4.03,1.95,4.49,3.95,1.91,17,"4.25, 3.75, 1.81"
sáb 10/10 09:15,Ligue 1,Lille vs Le Havre,1.52,5.05,8.06,1.49,4.95,7.9,20,"1.45, 4.62, 6.65"
sáb 10/10 10:00,Serie A,Inter Milan vs Parma,1.18,10.4,25.84,1.16,10.19,25.34,19,"1.14, 9.00, 15.02"
sáb 10/10 10:30,LaLiga,Barcelona vs Getafe,1.09,20.88,76.86,1.07,20.47,75.35,18,"1.05, 17.33, 27.11"
sáb 10/10 10:30,Bundesliga,RB Leipzig vs Eintracht Frankfurt,1.6,5.52,5.7,1.57,5.41,5.58,20,"1.52, 4.94, 5.09"
sáb 10/10 10:30,Premier League,Manchester United vs Tottenham Hotspur,1.8,4.59,4.82,1.77,4.5,4.73,21,"1.70, 4.24, 4.31"
sáb 10/10 12:45,Serie A,Napoli vs Frosinone,1.5,5.36,7.8,1.47,5.26,7.64,19,"1.44, 4.92, 6.24"
sáb 10/10 12:45,Ligue 1,Paris Saint Germain vs Le Mans FC,1.11,16.35,49.07,1.09,16.03,48.11,20,"1.07, 13.36, 22.01"
sáb 10/10 12:45,Ligue 1,Brest vs Angers,2.0,4.12,4.23,1.96,4.04,4.14,20,"1.87, 3.86, 3.87"
sáb 10/10 12:45,Ligue 1,AS Monaco vs Toulouse,1.77,4.47,5.2,1.74,4.39,5.1,20,"1.67, 4.20, 4.63"
sáb 10/10 12:45,Ligue 1,Lorient vs Paris FC,3.25,3.69,2.49,3.19,3.62,2.44,20,"3.09, 3.31, 2.36"
sáb 10/10 13:00,LaLiga,Real Madrid vs Villarreal,1.38,6.74,9.2,1.36,6.61,9.02,18,"1.33, 5.90, 7.37"
sáb 10/10 17:00,Liga MX,Querétaro vs Atlante FC,2.13,3.94,3.89,2.09,3.87,3.82,10,
sáb 10/10 17:00,Liga MX,FC Juárez vs Tijuana,3.22,3.81,2.46,3.15,3.74,2.41,12,
sáb 10/10 19:00,Liga MX,Atlas vs Guadalajara,3.28,3.91,2.38,3.22,3.84,2.33,10,
sáb 10/10 21:00,Liga MX,América vs Monterrey,2.02,4.14,4.1,1.98,4.06,4.02,12,
dom 11/10 04:30,Serie A,Como vs AS Roma,2.75,3.88,2.78,2.7,3.81,2.73,19,"2.60, 3.62, 2.57"
dom 11/10 06:00,LaLiga,Elche CF vs Celta Vigo,3.01,3.51,2.76,2.95,3.44,2.7,18,"2.73, 3.25, 2.67"
dom 11/10 07:00,Serie A,Lazio vs Monza,1.69,4.34,6.32,1.66,4.25,6.19,19,"1.58, 4.04, 5.69"
dom 11/10 07:00,Serie A,Lecce vs Bologna,4.54,3.7,2.04,4.45,3.63,2.0,19,"4.40, 3.29, 1.92"
dom 11/10 07:00,Premier League,Crystal Palace vs Nottingham Forest,2.82,3.61,2.87,2.76,3.54,2.81,21,"2.63, 3.43, 2.65"
dom 11/10 07:00,Ligue 1,Nice vs Strasbourg,2.36,3.95,3.29,2.32,3.87,3.23,19,"2.22, 3.64, 3.07"
dom 11/10 07:00,Premier League,Hull City vs Everton,4.03,3.65,2.18,3.95,3.58,2.14,21,"3.72, 3.41, 2.04"
dom 11/10 07:30,Bundesliga,1. FC Köln vs Borussia Monchengladbach,2.06,4.44,3.7,2.02,4.35,3.63,20,"1.95, 4.11, 3.37"
dom 11/10 08:15,LaLiga,Real Sociedad vs Deportivo La Coruña,1.81,4.18,5.29,1.78,4.1,5.18,17,"1.71, 3.85, 4.78"
dom 11/10 09:15,Ligue 1,Rennes vs Auxerre,1.49,5.57,7.73,1.46,5.46,7.58,20,"1.44, 4.95, 6.30"
dom 11/10 09:30,Bundesliga,SC Freiburg vs FC Schalke 04,1.71,4.5,5.75,1.68,4.41,5.64,20,"1.63, 3.92, 5.32"
dom 11/10 09:30,Premier League,Liverpool vs Manchester City,2.75,4.03,2.71,2.7,3.95,2.65,21,"2.57, 3.69, 2.57"
dom 11/10 10:00,Serie A,Sassuolo vs AC Milan,4.7,4.06,1.92,4.6,3.98,1.88,19,"4.32, 3.77, 1.79"
dom 11/10 10:30,LaLiga,Real Betis vs CA Osasuna,1.76,4.42,5.37,1.73,4.33,5.27,18,"1.65, 4.06, 4.93"
dom 11/10 12:45,Ligue 1,Troyes vs Marseille,4.23,4.25,1.97,4.15,4.16,1.93,20,"3.97, 3.92, 1.83"
dom 11/10 12:45,Serie A,Cagliari vs Juventus,7.2,4.36,1.63,7.06,4.28,1.6,19,"6.23, 4.02, 1.55"
dom 11/10 13:00,LaLiga,Real Racing Club de Santander vs Valencia,2.33,3.88,3.41,2.28,3.81,3.34,17,
dom 11/10 17:00,Liga MX,Atlético San Luis vs Santos Laguna,2.06,4.04,4.03,2.02,3.96,3.95,12,
dom 11/10 17:15,Liga MX,Pachuca vs Necaxa,1.73,4.42,5.67,1.7,4.33,5.56,12,
dom 11/10 19:00,Liga MX,Pumas vs Cruz Azul,3.85,4.06,2.11,3.77,3.98,2.07,10,
lun 12/10 10:30,Serie A,Atalanta BC vs Venezia,1.69,4.54,5.99,1.65,4.45,5.87,19,"1.58, 3.98, 5.76"
lun 12/10 12:45,Serie A,Torino vs Udinese,2.47,3.64,3.32,2.42,3.57,3.26,19,"2.35, 3.33, 3.08"
lun 12/10 13:00,Premier League,Coventry City vs Newcastle United,3.51,3.92,2.27,3.44,3.84,2.22,21,"3.26, 3.60, 2.15"
lun 12/10 13:00,LaLiga,Levante vs Sevilla,2.82,3.58,2.89,2.76,3.51,2.83,18,"2.66, 3.29, 2.71"
vie 16/10 12:30,Bundesliga,Eintracht Frankfurt vs 1. FC Köln,2.06,4.51,3.67,2.02,4.42,3.6,13,"1.94, 4.11, 3.41"
vie 16/10 12:45,Ligue 1,Le Mans FC vs Toulouse,3.36,3.81,2.38,3.3,3.73,2.33,17,"3.14, 3.44, 2.27"
vie 16/10 12:45,Serie A,Frosinone vs Sassuolo,2.6,3.81,2.99,2.55,3.74,2.94,16,"2.42, 3.43, 2.90"
vie 16/10 13:00,LaLiga,Deportivo La Coruña vs Levante,2.2,3.8,3.81,2.15,3.73,3.74,14,"2.09, 3.48, 3.51"
sáb 17/10 05:30,Premier League,Everton vs Chelsea,3.07,4.07,2.45,3.01,3.99,2.4,17,"2.71, 3.83, 2.38"
sáb 17/10 06:00,LaLiga,Espanyol vs Atlético Madrid,4.56,4.08,1.94,4.47,4.0,1.9,14,"4.14, 3.70, 1.85"
sáb 17/10 07:00,Serie A,Venezia vs Napoli,5.02,4.35,1.81,4.92,4.27,1.78,16,"4.44, 4.15, 1.70"
sáb 17/10 07:30,Bundesliga,Hamburger SV vs VfB Stuttgart,4.13,4.49,1.94,4.05,4.4,1.9,13,"4.04, 3.89, 1.83"
sáb 17/10 07:30,Bundesliga,Union Berlin vs Borussia Dortmund,5.02,4.71,1.76,4.92,4.61,1.72,13,"4.44, 4.23, 1.68"
sáb 17/10 07:30,Bundesliga,FC Schalke 04 vs FSV Mainz 05,3.2,3.99,2.4,3.14,3.91,2.35,13,"3.05, 3.60, 2.25"
sáb 17/10 07:30,Bundesliga,Werder Bremen vs SC Paderborn,1.89,4.46,4.43,1.85,4.37,4.34,13,"1.77, 4.17, 4.02"
sáb 17/10 07:30,Bundesliga,Elversberg vs Augsburg,2.61,4.17,2.8,2.55,4.09,2.75,13,"2.46, 3.80, 2.63"
sáb 17/10 08:00,Premier League,Brentford vs Liverpool,2.96,4.04,2.53,2.9,3.96,2.48,17,"2.77, 3.59, 2.43"
sáb 17/10 08:00,Premier League,Fulham vs Hull City,1.76,4.42,5.4,1.72,4.33,5.3,17,"1.67, 4.00, 4.85"
sáb 17/10 08:00,Premier League,Manchester City vs Ipswich Town,1.28,7.74,14.15,1.26,7.59,13.88,17,"1.21, 7.02, 10.39"
sáb 17/10 08:15,LaLiga,Villarreal vs Elche CF,1.52,5.34,7.29,1.49,5.24,7.15,15,"1.46, 4.83, 6.04"
sáb 17/10 09:15,Ligue 1,Strasbourg vs Paris Saint Germain,7.35,5.94,1.48,7.2,5.82,1.45,17,"6.38, 5.42, 1.40"
sáb 17/10 10:00,Serie A,Bologna vs Inter Milan,5.76,4.44,1.72,5.65,4.35,1.69,16,"5.45, 3.91, 1.62"
sáb 17/10 10:30,LaLiga,Real Betis vs Barcelona,5.92,5.93,1.56,5.81,5.81,1.52,14,
sáb 17/10 10:30,Bundesliga,Bayern Munich vs RB Leipzig,1.3,7.9,12.2,1.27,7.75,11.96,12,
sáb 17/10 10:30,Premier League,Newcastle United vs Aston Villa,2.2,4.13,3.51,2.16,4.05,3.44,17,"2.08, 3.85, 3.21"
sáb 17/10 12:45,Serie A,AS Roma vs Genoa,1.35,6.31,12.6,1.32,6.18,12.36,16,"1.30, 5.57, 9.05"
sáb 17/10 12:45,Ligue 1,Troyes vs RC Lens,4.42,4.33,1.91,4.33,4.24,1.88,17,"4.00, 3.98, 1.81"
sáb 17/10 12:45,Ligue 1,Lille vs Brest,1.68,4.63,5.87,1.65,4.54,5.75,17,"1.58, 4.20, 5.40"
sáb 17/10 13:00,LaLiga,Valencia vs Athletic Bilbao,3.82,3.75,2.21,3.75,3.67,2.17,15,"3.60, 3.42, 2.08"
dom 18/10 04:30,Serie A,Udinese vs Lecce,1.97,3.89,4.61,1.94,3.82,4.52,16,"1.86, 3.61, 4.17"
dom 18/10 06:00,LaLiga,CA Osasuna vs Real Racing Club de Santander,1.98,3.97,4.48,1.94,3.9,4.39,11,"1.90, 3.41, 4.30"
dom 18/10 07:00,Premier League,Leeds United vs Manchester United,3.04,4.03,2.48,2.98,3.95,2.43,17,"2.81, 3.69, 2.37"
dom 18/10 07:00,Premier League,Brighton and Hove Albion vs Crystal Palace,1.65,4.89,5.92,1.61,4.79,5.81,17,"1.58, 4.42, 5.06"
dom 18/10 07:00,Serie A,Fiorentina vs Como,3.73,3.99,2.17,3.66,3.91,2.12,16,"3.36, 3.70, 2.07"
dom 18/10 07:00,Premier League,Bournemouth vs Sunderland,2.11,3.95,3.97,2.06,3.87,3.89,17,"2.01, 3.58, 3.64"
dom 18/10 07:00,Ligue 1,Angers vs Marseille,3.33,4.03,2.32,3.27,3.95,2.27,17,"3.08, 3.69, 2.20"
dom 18/10 07:30,Bundesliga,Bayer Leverkusen vs SC Freiburg,1.73,4.85,5.08,1.7,4.75,4.98,13,"1.65, 4.43, 4.46"
dom 18/10 08:15,LaLiga,Celta Vigo vs Alavés,2.12,3.69,4.2,2.08,3.62,4.12,15,"2.00, 3.40, 3.87"
dom 18/10 09:15,Ligue 1,Le Havre vs Auxerre,2.55,3.73,3.12,2.5,3.66,3.05,17,"2.43, 3.40, 2.90"
dom 18/10 09:15,Ligue 1,Paris FC vs Rennes,2.4,3.81,3.32,2.35,3.74,3.26,17,"2.31, 3.23, 3.25"
dom 18/10 09:15,Ligue 1,Lorient vs AS Monaco,3.83,3.78,2.2,3.76,3.71,2.15,17,"3.57, 3.40, 2.10"
dom 18/10 09:30,Bundesliga,Borussia Monchengladbach vs TSG Hoffenheim,3.82,4.59,2.0,3.74,4.5,1.96,13,"3.40, 4.17, 1.93"
dom 18/10 09:30,Premier League,Nottingham Forest vs Arsenal,6.55,4.33,1.68,6.42,4.24,1.64,17,"6.03, 3.74, 1.61"
dom 18/10 10:00,Serie A,AC Milan vs Atalanta BC,1.97,3.98,4.51,1.93,3.91,4.42,16,"1.87, 3.61, 4.17"
dom 18/10 10:30,LaLiga,Málaga vs Real Sociedad,3.44,3.82,2.34,3.37,3.74,2.29,15,"3.23, 3.49, 2.20"
dom 18/10 12:45,Ligue 1,Lyon vs Nice,1.73,4.48,5.54,1.7,4.39,5.43,17,"1.64, 4.15, 4.91"
dom 18/10 12:45,Serie A,Juventus vs Lazio,1.74,4.21,6.0,1.7,4.12,5.88,16,"1.64, 3.87, 5.34"
dom 18/10 13:00,LaLiga,Real Madrid vs Sevilla,1.3,7.25,13.45,1.28,7.11,13.19,14,
lun 19/10 10:30,Serie A,Monza vs Cagliari,2.23,3.5,4.07,2.18,3.43,3.99,16,"2.15, 3.12, 3.78"
lun 19/10 12:45,Serie A,Parma vs Torino,3.34,3.43,2.57,3.27,3.36,2.52,16,"3.18, 3.07, 2.44"
lun 19/10 13:00,Premier League,Tottenham Hotspur vs Coventry City,1.56,5.06,7.06,1.53,4.96,6.92,17,"1.50, 4.56, 5.87"
lun 19/10 13:00,LaLiga,Getafe vs Rayo Vallecano,2.79,3.39,3.06,2.74,3.32,3.0,15,"2.47, 3.10, 2.68"
