id,liga,sport,inicio_utc,local,visitante,capturado_utc,casas,margen_promedio,prom_H,prom_D,prom_A,justo_H,justo_D,justo_A,objetivo_H,objetivo_D,objetivo_A,pinnacle,tipo
b870dcfba5e5920d3f1551a3aa1ea435,Premier League,soccer_epl,2026-10-10T11:30:00+00:00,Arsenal,Leeds United,2026-10-01T05:58:10.220165+00:00,21,0.06368917140800145,1.374285714285714,4.854761904761905,7.689047619047618,1.4155864485239507,5.412614382921754,9.189031676675995,1.4438981774944297,5.520866670580189,9.372812310209515,"1.38, 4.94, 7.67",escaneo
02e6c0ccb11bb7ce78989ce49d67110b,Premier League,soccer_epl,2026-10-10T14:00:00+00:00,Aston Villa,Brentford,2026-10-01T05:58:10.220165+00:00,21,0.06416323183789907,2.57,3.5023809523809515,2.567142857142857,2.7194803203049136,3.785981345253402,2.7162813554540417,2.773869926711012,3.86170097215847,2.7706069825631228,"2.63, 3.54, 2.58",escaneo
45d4a466e32cd2b4ea535207923ceaf5,Premier League,soccer_epl,2026-10-10T14:00:00+00:00,Chelsea,Bournemouth,2026-10-01T05:58:10.220165+00:00,21,0.06323142929066905,1.7095238095238094,4.08047619047619,4.288095238095239,1.7734235919623296,4.4644393140496375,4.714165250359908,1.8088920638015762,4.5537281003306305,4.808448555367106,"1.71, 4.08, 4.42",escaneo
380b8f24ec5430fb545a7490c1017285,Premier League,soccer_epl,2026-10-10T14:00:00+00:00,Sunderland,Brighton and Hove Albion,2026-10-01T05:58:10.220165+00:00,21,0.0640544389147868,2.875714285714286,3.423809523809524,2.357142857142857,3.063836137824753,3.6938419251353274,2.4820612460835876,3.125112860581248,3.767718763638034,2.5317024710052594,"2.87, 3.52, 2.40",escaneo
288b4ff00c79daa712c911c564fe1be7,Premier League,soccer_epl,2026-10-10T14:00:00+00:00,Ipswich Town,Fulham,2026-10-01T05:58:10.220165+00:00,21,0.06499133578634297,2.6504761904761907,3.4795238095238092,2.4980952380952384,2.811935649693449,3.7631918302002054,2.6410225790884847,2.8681743626873177,3.83845566680421,2.6938430306702545,"2.66, 3.60, 2.52",escaneo
22c9b2c43cbe1334381269550dab78e6,Premier League,soccer_epl,2026-10-10T16:30:00+00:00,Manchester United,Tottenham Hotspur,2026-10-01T05:58:10.220165+00:00,21,0.06433705910638898,1.7019047619047616,4.101904761904761,4.292380952380953,1.7663748211405157,4.497545585218242,4.727568036033694,1.801702317563326,4.587496496922608,4.822119396754368,"1.70, 4.24, 4.31",escaneo
86effab5c6e7bfd58c8e88b1fb7c6ba9,Premier League,soccer_epl,2026-10-11T13:00:00+00:00,Crystal Palace,Nottingham Forest,2026-10-01T05:58:10.220165+00:00,21,0.06338841154884989,2.6109523809523805,3.2904761904761903,2.656190476190476,2.763403965177664,3.5363441213506146,2.8141304473687074,2.818672044481217,3.607071003777627,2.8704130563160817,"2.63, 3.43, 2.65",escaneo
0bdae4d304810578e47386606bff7106,Premier League,soccer_epl,2026-10-11T13:00:00+00:00,Hull City,Everton,2026-10-01T05:58:10.220165+00:00,21,0.06297773919258476,3.6461904761904758,3.325714285714286,2.0490476190476192,3.9484136848883455,3.5753268845011914,2.1411486922106766,4.027381958586113,3.6468334221912153,2.18397166605489,"3.72, 3.41, 2.04",escaneo
6dbab232dd8d2aed0cb1d6f7978fb7b1,Premier League,soccer_epl,2026-10-11T15:30:00+00:00,Liverpool,Manchester City,2026-10-01T05:58:10.220165+00:00,21,0.06316153212524966,2.5547619047619046,3.6495238095238087,2.5142857142857147,2.699987648936327,3.9532800308227394,2.654819596619013,2.7539874019150536,4.0323456314391946,2.7079159885513935,"2.57, 3.69, 2.57",escaneo
acd5bd945dd953ad1e300df5bfe696f9,Premier League,soccer_epl,2026-10-12T19:00:00+00:00,Coventry City,Newcastle United,2026-10-01T05:58:10.220165+00:00,21,0.06292547584687336,3.212380952380953,3.556190476190476,2.125714285714286,3.4444700320703046,3.8428338278445873,2.2249170966352962,3.513359432711711,3.919690504401479,2.2694154385680023,"3.26, 3.60, 2.15",escaneo
764e6513cb3f348881503df70ccb90e0,Premier League,soccer_epl,2026-10-17T11:30:00+00:00,Everton,Chelsea,2026-10-01T05:58:10.220165+00:00,17,0.07240095225677923,2.8041176470588236,3.6299999999999994,2.271176470588235,3.0076565834830027,3.978540660192177,2.4028827506530956,3.067809715152663,4.05811147339602,2.4509404056661577,"2.71, 3.83, 2.38",escaneo
8f1945e7272bc7e89016439f5ab321c7,Premier League,soccer_epl,2026-10-17T14:00:00+00:00,Brentford,Liverpool,2026-10-01T05:58:10.220165+00:00,17,0.07446734148716727,2.7088235294117644,3.6047058823529414,2.337058823529412,2.9040937130588667,3.9589426538886134,2.4809845036018636,2.962175587320044,4.038121506966386,2.5306041936739008,"2.77, 3.59, 2.43",escaneo
7895f97f2f9577f3b13287a3d086859d,Premier League,soccer_epl,2026-10-17T14:00:00+00:00,Fulham,Hull City,2026-10-01T05:58:10.220165+00:00,17,0.07188407713458367,1.6547058823529408,3.924117647058824,4.701176470588236,1.7230219840315366,4.331385679424675,5.297975249278024,1.7574824237121673,4.418013393013168,5.4039347542635845,"1.67, 4.00, 4.85",escaneo
bf2142d1ca76ba2fc9e61afce80f86c0,Premier League,soccer_epl,2026-10-17T14:00:00+00:00,Manchester City,Ipswich Town,2026-10-01T05:58:10.220165+00:00,17,0.07159649503270549,1.2194117647058822,6.4270588235294115,10.423529411764704,1.2559626250562694,7.591477274630363,13.87514936175877,1.2810818775573949,7.743306820122971,14.152652348993945,"1.21, 7.02, 10.39",escaneo
d1bbbdcd3d430e70091b518369b559cf,Premier League,soccer_epl,2026-10-17T16:30:00+00:00,Newcastle United,Aston Villa,2026-10-01T05:58:10.220165+00:00,17,0.07272873384991807,2.0523529411764705,3.6905882352941175,3.1794117647058826,2.1598145355866194,4.05323347949966,3.4449416576345846,2.203010826298352,4.134298149089654,3.5138404907872762,"2.08, 3.85, 3.21",escaneo
dfd5d6648be46426e418801584d46a68,Premier League,soccer_epl,2026-10-18T13:00:00+00:00,Bournemouth,Sunderland,2026-10-01T05:58:10.220165+00:00,17,0.07257404915131871,1.9658823529411766,3.539411764705882,3.554117647058823,2.0640427513264106,3.8708457636064457,3.8884415890117547,2.105323606352939,3.948262678878575,3.96621042079199,"2.01, 3.58, 3.64",escaneo
9fc08b390a49c4434f7cf631a0bb88fb,Premier League,soccer_epl,2026-10-18T13:00:00+00:00,Brighton and Hove Albion,Crystal Palace,2026-10-01T05:58:10.220165+00:00,17,0.07185847868597839,1.5547058823529412,4.300588235294118,5.098823529411766,1.6148419503847442,4.794472840605251,5.808184237461531,1.6471387893924392,4.890362297417356,5.924347922210762,"1.58, 4.42, 5.06",escaneo
676b3b0b609e9cf565da450786618d26,Premier League,soccer_epl,2026-10-18T13:00:00+00:00,Leeds United,Manchester United,2026-10-01T05:58:10.220165+00:00,17,0.06973457391628912,2.7888235294117645,3.618235294117647,2.3,2.982143380175255,3.950492947452845,2.4299107390314103,3.0417862477787603,4.0295028064019025,2.4785089538120384,"2.81, 3.69, 2.37",escaneo
f696a248965373d9071dc0662e5c58a8,Premier League,soccer_epl,2026-10-18T15:30:00+00:00,Nottingham Forest,Arsenal,2026-10-01T05:58:10.220165+00:00,17,0.07128047915087032,5.57,3.8529411764705883,1.581764705882353,6.41959552558421,4.2412090072366775,1.6435335996506963,6.5479874360958945,4.3260331873814115,1.6764042716437102,"6.03, 3.74, 1.61",escaneo
9baaf4e48b041cfef04e70e42532502e,Premier League,soccer_epl,2026-10-19T19:00:00+00:00,Tottenham Hotspur,Coventry City,2026-10-01T05:58:10.220165+00:00,17,0.07227187074211705,1.4752941176470589,4.428235294117647,5.930588235294117,1.529659366833421,4.957047964023526,6.919136058656341,1.5602525541700896,5.0561889233039965,7.057518779829468,"1.50, 4.56, 5.87",escaneo
4e4c6763037ffc0e1dfe92ed16287b6d,LaLiga,soccer_spain_la_liga,2026-10-09T19:00:00+00:00,Málaga,Espanyol,2026-10-01T05:58:10.220165+00:00,18,0.0679073711518654,2.6255555555555556,3.214444444444444,2.66,2.7914560458827085,3.466685660716943,2.8304231832230413,2.8472851668003627,3.536019373931282,2.887031646887502,"2.67, 3.26, 2.72",escaneo
349c47668fdd909039a9408c14cad8bc,LaLiga,soccer_spain_la_liga,2026-10-10T12:00:00+00:00,Rayo Vallecano,Athletic Bilbao,2026-10-01T05:58:10.220165+00:00,18,0.06867903874582071,2.9299999999999997,3.3488888888888884,2.3322222222222218,3.140664896362468,3.6269534716754066,2.463766649541602,3.2034781942897173,3.699492541108915,2.513041982532434,"2.93, 3.45, 2.39",escaneo
3869391e3dbdcaa74153b11df56a3fe5,LaLiga,soccer_spain_la_liga,2026-10-10T14:15:00+00:00,Alavés,Atlético Madrid,2026-10-01T05:58:10.220165+00:00,17,0.06459132459224026,4.097058823529411,3.6417647058823532,1.831764705882353,4.493431051325102,3.951605347422139,1.9069732576243958,4.583299672351604,4.030637454370582,1.9451127227768839,"4.25, 3.75, 1.81",escaneo
edb80d633a1906e5865ab70cc9b540ea,LaLiga,soccer_spain_la_liga,2026-10-10T16:30:00+00:00,Barcelona,Getafe,2026-10-01T05:58:10.220165+00:00,18,0.05870718423825472,1.0444444444444445,14.615555555555554,30.450555555555557,1.0662370475196161,20.47032999398808,75.35192029216611,1.0875617884700084,20.879736593867843,76.85895869800943,"1.05, 17.33, 27.11",escaneo
551f242223b1625f458d1a2ea212a0c3,LaLiga,soccer_spain_la_liga,2026-10-10T19:00:00+00:00,Real Madrid,Villarreal,2026-10-01T05:58:10.220165+00:00,18,0.06589617038980267,1.3161111111111115,5.771666666666666,7.52888888888889,1.355291077214875,6.609612976320371,9.020684407625566,1.3823968987591724,6.741805235846778,9.201098095778077,"1.33, 5.90, 7.37",escaneo
7daf7edaf572eba3ac86196c663d67d3,LaLiga,soccer_spain_la_liga,2026-10-11T12:00:00+00:00,Elche CF,Celta Vigo,2026-10-01T05:58:10.220165+00:00,18,0.06776939121301306,2.762777777777778,3.191666666666667,2.547777777777778,2.9466819339066066,3.4396633030971304,2.7033667617015396,3.005615572584739,3.508456569159073,2.75743409693557,"2.73, 3.25, 2.67",escaneo
2997b68cc93f62d8a1dee9f06bedbefd,LaLiga,soccer_spain_la_liga,2026-10-11T14:15:00+00:00,Real Sociedad,Deportivo La Coruña,2026-10-01T05:58:10.220165+00:00,17,0.06664441567959134,1.708235294117647,3.758235294117647,4.64764705882353,1.7756165957157057,4.1005870093498515,5.182748038614498,1.81112892763002,4.182598749536849,5.286402999386788,"1.71, 3.85, 4.78",escaneo
984691837d31fd0c59c088f377f55f75,LaLiga,soccer_spain_la_liga,2026-10-11T16:30:00+00:00,Real Betis,CA Osasuna,2026-10-01T05:58:10.220165+00:00,18,0.06720909595573099,1.6616666666666666,3.9500000000000006,4.711666666666667,1.7259162667601593,4.333478035823417,5.26770223721972,1.7604345920953626,4.420147596539885,5.373056281964114,"1.65, 4.06, 4.93",escaneo
66a4f4201806b928c9007116727fdd61,LaLiga,soccer_spain_la_liga,2026-10-11T19:00:00+00:00,Real Racing Club de Santander,Valencia,2026-10-01T05:58:10.220165+00:00,17,0.06863987222039802,2.1699999999999995,3.5029411764705882,3.1023529411764703,2.2833681018649283,3.808153833638265,3.339388418626589,2.329035463902227,3.88431691031103,3.406176186999121,,escaneo
529fc26c7774d5b469932e275c668921,LaLiga,soccer_spain_la_liga,2026-10-12T19:00:00+00:00,Levante,Sevilla,2026-10-01T05:58:10.220165+00:00,18,0.06860200905607972,2.597777777777777,3.2522222222222217,2.658333333333333,2.761843013280427,3.513521629249495,2.830389912726698,2.817079873546035,3.583792061834485,2.886997710981232,"2.66, 3.29, 2.71",escaneo
19ee731602634e5c9e3106630e087464,LaLiga,soccer_spain_la_liga,2026-10-16T19:00:00+00:00,Deportivo La Coruña,Levante,2026-10-01T05:58:10.220165+00:00,14,0.07363529811391034,2.0464285714285713,3.415714285714285,3.4221428571428576,2.154656521729766,3.7282906163097858,3.7359509153164705,2.1977496521643616,3.8028564286359816,3.8106699336228,"2.09, 3.48, 3.51",escaneo
6436925dd15916d7041ba32b60000d48,LaLiga,soccer_spain_la_liga,2026-10-17T12:00:00+00:00,Espanyol,Atlético Madrid,2026-10-01T05:58:10.220165+00:00,14,0.07073047778336328,4.047142857142857,3.655714285714286,1.817857142857143,4.4740513947316,4.000519630131811,1.8992580145757822,4.563532422626231,4.080530022734448,1.937243174867298,"4.14, 3.70, 1.85",escaneo
aef660734585649651415961a9d177c6,LaLiga,soccer_spain_la_liga,2026-10-17T14:15:00+00:00,Villarreal,Elche CF,2026-10-01T05:58:10.220165+00:00,15,0.07462784548049384,1.4406666666666663,4.634,6.0713333333333335,1.4942163159837016,5.237786612957958,7.151412401948169,1.5241006423033756,5.342542345217117,7.294440649987132,"1.46, 4.83, 6.04",escaneo
846e496fc232b2fc20214754836727d0,LaLiga,soccer_spain_la_liga,2026-10-17T16:30:00+00:00,Real Betis,Barcelona,2026-10-01T05:58:10.220165+00:00,14,0.07741267367583715,5.05,5.055714285714287,1.467142857142857,5.806675650205491,5.814231928947649,1.524872206797528,5.9228091632096005,5.930516567526602,1.5553696509334787,,escaneo
f00cd1ea41fa39149729d14ebc07aa6c,LaLiga,soccer_spain_la_liga,2026-10-17T19:00:00+00:00,Valencia,Athletic Bilbao,2026-10-01T05:58:10.220165+00:00,15,0.07494161512927211,3.426,3.3653333333333335,2.0580000000000003,3.7466508340334648,3.674216797627003,2.169535718421963,3.821583850714134,3.747701133579543,2.212926432790402,"3.60, 3.42, 2.08",escaneo
1f566f17c50fe5162724ec2863d2207b,LaLiga,soccer_spain_la_liga,2026-10-18T12:00:00+00:00,CA Osasuna,Real Racing Club de Santander,2026-10-01T05:58:10.220165+00:00,11,0.07694646917219217,1.847272727272727,3.5427272727272725,3.947272727272728,1.9391503929364953,3.896818655522023,4.391923831406391,1.9779334007952252,3.9747550286324635,4.479762308034519,"1.90, 3.41, 4.30",escaneo
aabe899ecc4c19a1fafe5440151b62e4,LaLiga,soccer_spain_la_liga,2026-10-18T14:15:00+00:00,Celta Vigo,Alavés,2026-10-01T05:58:10.220165+00:00,15,0.07437330295318212,1.9773333333333334,3.322,3.7366666666666664,2.079259180480897,3.620140420083638,4.1181565489844765,2.120844364090515,3.692543228485311,4.200519679964166,"2.00, 3.40, 3.87",escaneo
1051298b4aca6f07113309bff598a5c1,LaLiga,soccer_spain_la_liga,2026-10-18T16:30:00+00:00,Málaga,Real Sociedad,2026-10-01T05:58:10.220165+00:00,15,0.07531289893884807,3.111333333333333,3.4219999999999993,2.166,3.3749428434707487,3.7436012263140865,2.2905507905886613,3.4424417003401637,3.8184732508403685,2.3363618064004346,"3.23, 3.49, 2.20",escaneo
eccd63bf768e2f2a358b871d3f33a63d,LaLiga,soccer_spain_la_liga,2026-10-18T19:00:00+00:00,Real Madrid,Sevilla,2026-10-01T05:58:10.220165+00:00,14,0.07310142713476253,1.2378571428571428,6.057857142857143,9.982142857142858,1.2763559190864942,7.106930044514443,13.190567686514674,1.301883037468224,7.249068645404732,13.454379040244968,,escaneo
4a88bc4de574d43ef34677fd8d78722f,LaLiga,soccer_spain_la_liga,2026-10-19T19:00:00+00:00,Getafe,Rayo Vallecano,2026-10-01T05:58:10.220165+00:00,15,0.07905954842484642,2.5513333333333335,3.052,2.7820000000000005,2.735239202786982,3.318942238591464,3.0020974363280595,2.7899439868427214,3.3853210833632934,3.062139385054621,"2.47, 3.10, 2.68",escaneo
3fb63658405d468954f57745cd115118,Bundesliga,soccer_germany_bundesliga,2026-10-09T18:30:00+00:00,Borussia Dortmund,Werder Bremen,2026-10-01T05:58:10.220165+00:00,20,0.06462531757583778,1.3489999999999998,5.3660000000000005,7.3004999999999995,1.3893750315909439,6.067343336741678,8.662872852579738,1.4171625322227628,6.188690203476512,8.836130309631333,"1.36, 5.50, 7.11",escaneo
3b71160ad20dba786c4f92e33c987d80,Bundesliga,soccer_germany_bundesliga,2026-10-10T13:30:00+00:00,Augsburg,Bayern Munich,2026-10-01T05:58:10.220165+00:00,20,0.06256867383861064,9.7095,7.416499999999999,1.2125,12.174975259198513,8.773602500346092,1.2439574093552581,12.418474764382484,8.949074550353014,1.2688365575423632,"8.39, 8.28, 1.22",escaneo
418f8c26d46eaabd829f2e265673b855,Bundesliga,soccer_germany_bundesliga,2026-10-10T13:30:00+00:00,FSV Mainz 05,Bayer Leverkusen,2026-10-01T05:58:10.220165+00:00,20,0.06639059889674814,2.8665,3.7964999999999995,2.202,3.0606564686608646,4.144728947430565,2.3148019168193743,3.121869598034082,4.227623526379176,2.361097955155762,"2.90, 3.90, 2.22",escaneo
2fd48be0a24ed906187067d4170bf010,Bundesliga,soccer_germany_bundesliga,2026-10-10T13:30:00+00:00,Union Berlin,Elversberg,2026-10-01T05:58:10.220165+00:00,20,0.06630850368530017,2.2055,3.7555000000000005,2.8850000000000002,2.3185228941072236,4.095451982096671,3.081496814218832,2.3648933519893682,4.177361021738605,3.1431267505032086,"2.19, 3.96, 2.93",escaneo
f03c08c0ae5fd66c2d2df2053115bb94,Bundesliga,soccer_germany_bundesliga,2026-10-10T13:30:00+00:00,TSG Hoffenheim,Hamburger SV,2026-10-01T05:58:10.220165+00:00,20,0.06679363698498997,1.4144999999999999,4.916500000000001,6.3925,1.460495682388618,5.5208301579898365,7.453299046043168,1.4897055960363903,5.631246761149633,7.602365026964032,"1.45, 4.65, 6.62",escaneo
9aade3e736c3d113dab19e641c43e272,Bundesliga,soccer_germany_bundesliga,2026-10-10T13:30:00+00:00,SC Paderborn,VfB Stuttgart,2026-10-01T05:58:10.220165+00:00,20,0.06624053034980681,4.6865000000000006,4.4895,1.5870000000000002,5.227427673500905,4.983510146409894,1.6446298709313218,5.331976226970924,5.083180349338092,1.6775224683499483,"4.85, 4.65, 1.57",escaneo
01cb7a67c8ae71201ec27297455fc0e8,Bundesliga,soccer_germany_bundesliga,2026-10-10T16:30:00+00:00,RB Leipzig,Eintracht Frankfurt,2026-10-01T05:58:10.220165+00:00,20,0.0668878265639512,1.5190000000000001,4.825999999999999,4.966500000000001,1.572248171849634,5.407890154087726,5.584935531813308,1.6036931352866266,5.51604795716948,5.696634242449574,"1.52, 4.94, 5.09",escaneo
a8801462cb97a43570956e4b3ef4aedf,Bundesliga,soccer_germany_bundesliga,2026-10-11T13:30:00+00:00,1. FC Köln,Borussia Monchengladbach,2026-10-01T05:58:10.220165+00:00,20,0.06753716008574795,1.9329999999999998,3.962500000000001,3.3575000000000004,2.0209443087937236,4.350596397230823,3.6320280705327304,2.061363194969598,4.4376083251754395,3.704668631943385,"1.95, 4.11, 3.37",escaneo
eaf509fb37413b7d055cd394667792b3,Bundesliga,soccer_germany_bundesliga,2026-10-11T15:30:00+00:00,SC Freiburg,FC Schalke 04,2026-10-01T05:58:10.220165+00:00,20,0.06827051499610937,1.6164999999999998,4.0085,4.9955,1.6782363215631944,4.410862330751319,5.636237550418865,1.7118010479944583,4.499079577366345,5.748962301427242,"1.63, 3.92, 5.32",escaneo
947bd5d924835af090d9cdc7bbdf10f6,Bundesliga,soccer_germany_bundesliga,2026-10-16T18:30:00+00:00,Eintracht Frankfurt,1. FC Köln,2026-10-01T05:58:10.220165+00:00,13,0.08236095126120979,1.91,3.9415384615384617,3.2776923076923077,2.015695986782108,4.419803740541299,3.6017987996794703,2.05600990651775,4.508199815352126,3.67383477567306,"1.94, 4.11, 3.41",escaneo
0bf757f3bd903496ce2fa27bd0481869,Bundesliga,soccer_germany_bundesliga,2026-10-17T13:30:00+00:00,Elversberg,Augsburg,2026-10-01T05:58:10.220165+00:00,13,0.08278037406296646,2.3861538461538463,3.6715384615384616,2.5553846153846154,2.554337113143904,4.085435766482108,2.7492386510320213,2.605423855406782,4.167144481811751,2.804223424052662,"2.46, 3.80, 2.63",escaneo
d8eac776adb07b0e7f01d8736d097291,Bundesliga,soccer_germany_bundesliga,2026-10-17T13:30:00+00:00,Union Berlin,Borussia Dortmund,2026-10-01T05:58:10.220165+00:00,13,0.08303233446823621,4.331538461538462,4.091538461538462,1.6453846153846152,4.921564765361109,4.614048701298973,1.7238906686748474,5.019996060668331,4.706329675324953,1.7583684820483443,"4.44, 4.23, 1.68",escaneo
606d65d57a9a6d8f9b53faee1ad10009,Bundesliga,soccer_germany_bundesliga,2026-10-17T13:30:00+00:00,FC Schalke 04,FSV Mainz 05,2026-10-01T05:58:10.220165+00:00,13,0.08641340090964311,2.8776923076923073,3.5146153846153845,2.2007692307692306,3.137784497960402,3.91050133284303,2.349722823872045,3.2005401879196103,3.9887113594998906,2.396717280349486,"3.05, 3.60, 2.25",escaneo
221916b8b36706ec52aa655a64e5f1d2,Bundesliga,soccer_germany_bundesliga,2026-10-17T13:30:00+00:00,Hamburger SV,VfB Stuttgart,2026-10-01T05:58:10.220165+00:00,13,0.08277687167993286,3.6392307692307693,3.924615384615384,1.8076923076923082,4.045453856360544,4.401219619469515,1.9025904192392755,4.126362933487756,4.489244011858905,1.9406422276240611,"4.04, 3.89, 1.83",escaneo
9a422e1aad1053828eaf629a58d901de,Bundesliga,soccer_germany_bundesliga,2026-10-17T13:30:00+00:00,Werder Bremen,SC Paderborn,2026-10-01T05:58:10.220165+00:00,13,0.08201531933266981,1.7592307692307694,3.9061538461538468,3.882307692307692,1.8481151744676196,4.373154983918301,4.343287919831078,1.8850774779569721,4.460618083596668,4.4301536782277,"1.77, 4.17, 4.02",escaneo
9a64448205fdc4b95f45641bb946706c,Bundesliga,soccer_germany_bundesliga,2026-10-17T16:30:00+00:00,Bayern Munich,RB Leipzig,2026-10-01T05:58:10.220165+00:00,12,0.08216679943629046,1.2275,6.390000000000001,9.008333333333333,1.2702041563220219,7.745598029600165,11.9589484012484,1.2956082394484623,7.900509990192169,12.198127369273367,,escaneo
096d800bcc95c547ef592cbef624d080,Bundesliga,soccer_germany_bundesliga,2026-10-18T13:30:00+00:00,Bayer Leverkusen,SC Freiburg,2026-10-01T05:58:10.220165+00:00,13,0.08385507422858884,1.6215384615384614,4.193846153846153,4.372307692307692,1.6985236069697949,4.750753700654807,4.981059940092505,1.7324940791091907,4.845768774667903,5.080681138894356,"1.65, 4.43, 4.46",escaneo
fd9b8c185737a15615aa0c9daaa3dfbf,Bundesliga,soccer_germany_bundesliga,2026-10-18T15:30:00+00:00,Borussia Monchengladbach,TSG Hoffenheim,2026-10-01T05:58:10.220165+00:00,13,0.08186372401511122,3.395384615384615,4.004615384615384,1.8599999999999997,3.7421013153549665,4.495918456369475,1.9594530359863036,3.816943341662066,4.585836825496865,1.9986420967060297,"3.40, 4.17, 1.93",escaneo
2f8e871a0f7f66ae22938028645e1066,Serie A,soccer_italy_serie_a,2026-10-10T13:00:00+00:00,Genoa,Fiorentina,2026-10-01T05:58:10.220165+00:00,19,0.06645604986983122,3.051578947368421,3.312631578947369,2.288947368421052,3.2728168765060275,3.5749679841232718,2.4112071448322467,3.338273214036148,3.646467343805737,2.4594312877288917,"3.14, 3.33, 2.32",escaneo
1a01b0611dacd334e1558a5097e05023,Serie A,soccer_italy_serie_a,2026-10-10T16:00:00+00:00,Inter Milan,Parma,2026-10-01T05:58:10.220165+00:00,19,0.06268195725740133,1.1321052631578947,8.402631578947368,16.566842105263156,1.159533080389032,10.191981321847978,25.337271986870594,1.1827237419968126,10.395820948284937,25.844017426608005,"1.14, 9.00, 15.02",escaneo
40c1bd70fee927f9bfa8901edab02b48,Serie A,soccer_italy_serie_a,2026-10-10T18:45:00+00:00,Napoli,Frosinone,2026-10-01T05:58:10.220165+00:00,19,0.06738320186507263,1.4257894736842105,4.700526315789474,6.524210526315789,1.4729606759635216,5.255383609879745,7.64443104451177,1.502419889482792,5.36049128207734,7.797319665402005,"1.44, 4.92, 6.24",escaneo
2547c0dbddd26d23fa532228e36348cb,Serie A,soccer_italy_serie_a,2026-10-11T10:30:00+00:00,Como,AS Roma,2026-10-01T05:58:10.220165+00:00,19,0.06772782945777411,2.5405263157894735,3.5057894736842106,2.571578947368421,2.6951033704331713,3.807108827180971,2.7300757330634924,2.7490054378418347,3.883251003724591,2.7846772477247623,"2.60, 3.62, 2.57",escaneo
946716d7e5e52822f08be8cb95193d9d,Serie A,soccer_italy_serie_a,2026-10-11T13:00:00+00:00,Lecce,Bologna,2026-10-01T05:58:10.220165+00:00,19,0.06774403224649861,4.045263157894738,3.3542105263157893,1.9142105263157898,4.451936318462806,3.6290869416466753,2.0006913011997245,4.540975044832062,3.701668680479609,2.040705127223719,"4.40, 3.29, 1.92",escaneo
c0f72699f32ec193b64fd54092fe268d,Serie A,soccer_italy_serie_a,2026-10-11T13:00:00+00:00,Lazio,Monza,2026-10-01T05:58:10.220165+00:00,19,0.06760974680404797,1.5978947368421053,3.879473684210526,5.434210526315789,1.6575862169729725,4.251152256948701,6.192610439762894,1.690737941312432,4.336175302087675,6.316462648558152,"1.58, 4.04, 5.69",escaneo
1cf64166dda1e0da8b325161deb39662,Serie A,soccer_italy_serie_a,2026-10-11T16:00:00+00:00,Sassuolo,AC Milan,2026-10-01T05:58:10.220165+00:00,19,0.06729831984744505,4.173157894736843,3.6531578947368417,1.8052631578947371,4.604180584962264,3.979260101747189,1.8814566178084513,4.6962641966615095,4.058845303782133,1.9190857501646204,"4.32, 3.77, 1.79",escaneo
407f7d03157d1dfad384876e6a6bc910,Serie A,soccer_italy_serie_a,2026-10-11T18:45:00+00:00,Cagliari,Juventus,2026-10-01T05:58:10.220165+00:00,19,0.06866302101402821,6.074736842105263,3.8957894736842102,1.5447368421052632,7.0557433720961376,4.277165305518769,1.6013533839819516,7.19685823953806,4.362708611629144,1.6333804516615906,"6.23, 4.02, 1.55",escaneo
0f2e7ff90b994f31d5cd48a9680943e1,Serie A,soccer_italy_serie_a,2026-10-12T16:30:00+00:00,Atalanta BC,Venezia,2026-10-01T05:58:10.220165+00:00,19,0.06534401516793942,1.5952631578947367,4.057894736842105,5.206842105263157,1.6526890906296783,4.451331837023879,5.872899301098106,1.6857428724422718,4.540358473764357,5.990357287120068,"1.58, 3.98, 5.76",escaneo
f4a28510bb0c835280a2aca709c19d50,Serie A,soccer_italy_serie_a,2026-10-12T18:45:00+00:00,Torino,Udinese,2026-10-01T05:58:10.220165+00:00,19,0.06682216816397557,2.2984210526315785,3.3063157894736843,3.0368421052631582,2.422438160296223,3.5691673442136804,3.2571658982914116,2.4708869235021473,3.640550691097954,3.32230921625724,"2.35, 3.33, 3.08",escaneo
7d3160040958fe21778fd5ee485666c3,Serie A,soccer_italy_serie_a,2026-10-16T18:45:00+00:00,Frosinone,Sassuolo,2026-10-01T05:58:10.220165+00:00,16,0.07384901007626121,2.400625,3.42375,2.738125,2.5513988790294575,3.7388619701167163,2.9360204309740543,2.602426856610047,3.8136392095190508,2.9947408395935353,"2.42, 3.43, 2.90",escaneo
907639dade64cca45d1ab639195d201e,Serie A,soccer_italy_serie_a,2026-10-17T13:00:00+00:00,Venezia,Napoli,2026-10-01T05:58:10.220165+00:00,16,0.07307650458179182,4.3925,3.8656249999999996,1.7043750000000002,4.918791960434488,4.267457885843306,1.7781997901415392,5.017167799643178,4.352807043560172,1.81376378594437,"4.44, 4.15, 1.70",escaneo
bfefc309177723410230fee52f650315,Serie A,soccer_italy_serie_a,2026-10-17T16:00:00+00:00,Bologna,Inter Milan,2026-10-01T05:58:10.220165+00:00,16,0.07349208828661324,4.959375,3.931875,1.619375,5.645222114774764,4.350962146183379,1.6862700351714621,5.75812655707026,4.437981389107047,1.7199954358748915,"5.45, 3.91, 1.62",escaneo
18d478f469da3bcc654dd4555b85c7e3,Serie A,soccer_italy_serie_a,2026-10-17T18:45:00+00:00,AS Roma,Genoa,2026-10-01T05:58:10.220165+00:00,16,0.07063387018345435,1.2806250000000001,5.396875,9.571874999999999,1.3204386459821693,6.1824646420070355,12.356645039004409,1.3468474189018127,6.306113934847176,12.603777939784496,"1.30, 5.57, 9.05",escaneo
367da93aa21a1e13eeafb94fd2263c75,Serie A,soccer_italy_serie_a,2026-10-18T10:30:00+00:00,Udinese,Lecce,2026-10-01T05:58:10.220165+00:00,16,0.07343538179936604,1.848125,3.49,4.068125,1.9356943712555206,3.8160002424245802,4.518037687749596,1.974408258680631,3.892320247273072,4.608398441504588,"1.86, 3.61, 4.17",escaneo
3ea32a0aa44a5f0ef7fd088155430087,Serie A,soccer_italy_serie_a,2026-10-18T13:00:00+00:00,Fiorentina,Como,2026-10-01T05:58:10.220165+00:00,16,0.07179979611310738,3.36375,3.574375,2.0212499999999998,3.6582601399539074,3.908755190721548,2.1239986751383495,3.7314253427529858,3.9869302945359792,2.1664786486411165,"3.36, 3.70, 2.07",escaneo
f9403dd597edbfaa73abdc974e55344c,Serie A,soccer_italy_serie_a,2026-10-18T16:00:00+00:00,AC Milan,Atalanta BC,2026-10-01T05:58:10.220165+00:00,16,0.07459364424105708,1.8431250000000001,3.5599999999999996,3.9818749999999996,1.9316495435038339,3.9057262615737605,4.419432014073176,1.9702825343739105,3.983840786805236,4.5078206543546395,"1.87, 3.61, 4.17",escaneo
4c4026e2782f09d6f0ff2bde2a390513,Serie A,soccer_italy_serie_a,2026-10-18T18:45:00+00:00,Juventus,Lazio,2026-10-01T05:58:10.220165+00:00,16,0.07306544380053737,1.634375,3.748125,5.14375,1.7021290022169657,4.124648209117915,5.8804316085736525,1.736171582261305,4.207141173300273,5.998040240745126,"1.64, 3.87, 5.34",escaneo
ce94aca384a20f6af459366da6e1dd21,Serie A,soccer_italy_serie_a,2026-10-19T16:30:00+00:00,Monza,Cagliari,2026-10-01T05:58:10.220165+00:00,16,0.07410420741085888,2.0725,3.1643749999999997,3.62875,2.1843235075940384,3.432689456542894,3.9860395048861412,2.228009977745919,3.501343245673752,4.065760294983864,"2.15, 3.12, 3.78",escaneo
07014d9adc65ca39710bd9f0c7c0d3f0,Serie A,soccer_italy_serie_a,2026-10-19T18:45:00+00:00,Parma,Torino,2026-10-01T05:58:10.220165+00:00,16,0.07377973834686902,3.0275000000000003,3.1068750000000005,2.371875,3.2710494283431415,3.3639047069249357,2.5188020258332027,3.3364704169100046,3.4311828010634344,2.569178066349867,"3.18, 3.07, 2.44",escaneo
17694e68f399fdf9c5030021ec9bb595,Ligue 1,soccer_france_ligue_one,2026-10-09T18:45:00+00:00,RC Lens,Lyon,2026-10-01T05:58:10.220165+00:00,20,0.06450659486573906,2.1635,3.693,3.0165,2.2690565230611113,4.011547426776479,3.2257249771902954,2.3144376535223334,4.091778375312009,3.290239476734101,"2.21, 3.78, 2.99",escaneo
2c173b3bd3a1491f17fcad1012019c4f,Ligue 1,soccer_france_ligue_one,2026-10-10T15:15:00+00:00,Lille,Le Havre,2026-10-01T05:58:10.220165+00:00,20,0.06491860941040062,1.4425,4.4750000000000005,6.747,1.4889785109096831,4.954808414291549,7.900486447547245,1.518758081127877,5.05390458257738,8.05849617649819,"1.45, 4.62, 6.65",escaneo
c2c64ebfc5810226f807c1920d580392,Ligue 1,soccer_france_ligue_one,2026-10-10T18:45:00+00:00,AS Monaco,Toulouse,2026-10-01T05:58:10.220165+00:00,20,0.06517031863248901,1.673,4.004499999999999,4.593,1.736095463172508,4.386049045424821,5.102062113890485,1.7708173724359582,4.473770026333318,5.204103356168295,"1.67, 4.20, 4.63",escaneo
007dc2ff845c33e3e18f2bd2bc126304,Ligue 1,soccer_france_ligue_one,2026-10-10T18:45:00+00:00,Brest,Angers,2026-10-01T05:58:10.220165+00:00,20,0.06663100703343261,1.8745,3.7085,3.7949999999999995,1.9559318469556957,4.041376150029682,4.144317130169075,1.9950504838948095,4.122203673030276,4.227203472772456,"1.87, 3.86, 3.87",escaneo
2849460eb4d15adbb20ec15927a0fd4a,Ligue 1,soccer_france_ligue_one,2026-10-10T18:45:00+00:00,Paris Saint Germain,Le Mans FC,2026-10-01T05:58:10.220165+00:00,20,0.05716118962681871,1.0685,12.2805,25.1005,1.090705577086232,16.031761014229442,48.10904059793598,1.1125196886279567,16.352396234514032,49.0712214098947,"1.07, 13.36, 22.01",escaneo
3aa72885e0aa107c62843749f7930a9a,Ligue 1,soccer_france_ligue_one,2026-10-10T18:45:00+00:00,Lorient,Paris FC,2026-10-01T05:58:10.220165+00:00,20,0.06593937318751353,2.9810000000000008,3.3519999999999994,2.3139999999999996,3.190015415374281,3.618605303911119,2.437999678268786,3.253815723681767,3.6909774099893413,2.486759671834162,"3.09, 3.31, 2.36",escaneo
5d3606630a2d3a218a6340d082c1bdc6,Ligue 1,soccer_france_ligue_one,2026-10-11T13:00:00+00:00,Nice,Strasbourg,2026-10-01T05:58:10.220165+00:00,19,0.06616284618188395,2.2047368421052633,3.565263157894737,3.011052631578947,2.3174187524003753,3.8695209567595295,3.2252291464322056,2.3637671274483827,3.9469113758947203,3.28973372936085,"2.22, 3.64, 3.07",escaneo
34f584ab922e220dc4f3b81217959d6d,Ligue 1,soccer_france_ligue_one,2026-10-11T15:15:00+00:00,Rennes,Auxerre,2026-10-01T05:58:10.220165+00:00,20,0.06733350665135873,1.4134999999999998,4.867,6.4765,1.4598130114003447,5.46385755068477,7.578060682311482,1.4890092716283516,5.573134701698465,7.729621895957711,"1.44, 4.95, 6.30",escaneo
cb7067ac191abf32ad49dad45e46f639,Ligue 1,soccer_france_ligue_one,2026-10-11T18:45:00+00:00,Troyes,Marseille,2026-10-01T05:58:10.220165+00:00,20,0.06502834053411721,3.8085,3.8180000000000005,1.8500000000000003,4.151195639149008,4.162484745846348,1.9272857184017063,4.2342195519319885,4.245734440763275,1.9658314327697404,"3.97, 3.92, 1.83",escaneo
66c168c030f3faad3983fcadc3060009,Ligue 1,soccer_france_ligue_one,2026-10-16T18:45:00+00:00,Le Mans FC,Toulouse,2026-10-01T05:58:10.220165+00:00,17,0.07430356967015084,3.048235294117647,3.418235294117647,2.2041176470588235,3.2971655370117783,3.734398270240423,2.3313912559257104,3.363108847752014,3.8090862356452315,2.3780190810442248,"3.14, 3.44, 2.27",escaneo
f3034246520a2ee4ff0ac0d5074966f8,Ligue 1,soccer_france_ligue_one,2026-10-17T15:15:00+00:00,Strasbourg,Paris Saint Germain,2026-10-01T05:58:10.220165+00:00,17,0.07377251769896853,6.041764705882352,5.115882352941177,1.4029411764705884,7.096037673231832,5.852098865004341,1.4530714150983075,7.237958426696469,5.969140842304427,1.4821328434002736,"6.38, 5.42, 1.40",escaneo
ad25a350c89b64715e15c59cde5653d3,Ligue 1,soccer_france_ligue_one,2026-10-17T18:45:00+00:00,Lille,Brest,2026-10-01T05:58:10.220165+00:00,17,0.0731408611295441,1.587058823529412,4.083529411764706,5.0464705882352945,1.6509385039753994,4.535025781631255,5.754468130614058,1.6839572740549074,4.62572629726388,5.869557493226339,"1.58, 4.20, 5.40",escaneo
b077aa049133c0358bcd643bfee48da3,Ligue 1,soccer_france_ligue_one,2026-10-17T18:45:00+00:00,Troyes,RC Lens,2026-10-01T05:58:10.220165+00:00,17,0.07382773712103963,3.91,3.835882352941176,1.7941176470588236,4.326284388459831,4.2357272605785505,1.8769903013669784,4.412810076229028,4.3204418057901215,1.914530107394318,"4.00, 3.98, 1.81",escaneo
c7a60aa94470fe959fbf6b0c68060fc1,Ligue 1,soccer_france_ligue_one,2026-10-18T13:00:00+00:00,Angers,Marseille,2026-10-01T05:58:10.220165+00:00,17,0.07690954260277505,3.012941176470588,3.5858823529411765,2.1452941176470586,3.2651452722109204,3.948903138223179,2.2701473720601903,3.330448177655139,4.027881200987643,2.3155503195013942,"3.08, 3.69, 2.20",escaneo
53f5fe7ed0ba0fbf6345c73270e4cd00,Ligue 1,soccer_france_ligue_one,2026-10-18T15:15:00+00:00,Lorient,AS Monaco,2026-10-01T05:58:10.220165+00:00,17,0.07337196281515723,3.44,3.3994117647058824,2.0470588235294116,3.7560046286307913,3.7076692574007653,2.154947508850639,3.831124721203407,3.7818226425487804,2.1980464590276516,"3.57, 3.40, 2.10",escaneo
d637845b9760bb02b55bbbaa32b5c21e,Ligue 1,soccer_france_ligue_one,2026-10-18T15:15:00+00:00,Le Havre,Auxerre,2026-10-01T05:58:10.220165+00:00,17,0.07430222674711562,2.3570588235294117,3.356470588235294,2.84,2.5031906896781253,3.660796558214445,3.0548784429816846,2.553254503471688,3.734012489378734,3.1159760118413184,"2.43, 3.40, 2.90",escaneo
27f7222d2abde93fc6e8d17b5b05b272,Ligue 1,soccer_france_ligue_one,2026-10-18T15:15:00+00:00,Paris FC,Rennes,2026-10-01T05:58:10.220165+00:00,17,0.07682623904938213,2.2158823529411764,3.4123529411764704,3.0076470588235296,2.3491893810068447,3.739098067494933,3.258633780014841,2.396173168626982,3.8138800288448316,3.323806455615138,"2.31, 3.23, 3.25",escaneo
471f891b1f6516a864ad94c8eb649f5e,Ligue 1,soccer_france_ligue_one,2026-10-18T18:45:00+00:00,Lyon,Nice,2026-10-01T05:58:10.220165+00:00,17,0.07315338353707901,1.6329411764705881,3.9635294117647057,4.797058823529412,1.700658667795192,4.38758283937688,5.432520859794608,1.734671841151096,4.475334496164418,5.5411712769905,"1.64, 4.15, 4.91",escaneo
1bc326fdb55e5f7e29c56a524e1ac0e1,Liga MX,soccer_mexico_ligamx,2026-10-10T01:00:00+00:00,Puebla,León,2026-10-01T05:58:10.220165+00:00,12,0.10680067234858015,2.9066666666666667,3.240833333333334,2.2016666666666667,3.2421587169868,3.663508390048582,2.3889089351555093,3.307001891326536,3.736778557849554,2.4366871138586195,,escaneo
badb0962f34580f0647157ff9926fb13,Liga MX,soccer_mexico_ligamx,2026-10-10T03:00:00+00:00,Tigres,Toluca,2026-10-01T05:58:10.220165+00:00,12,0.10894476001216269,2.703333333333333,3.3091666666666666,2.2891666666666666,2.997612999548213,3.761152325751466,2.496721372322601,3.057565259539177,3.8363753722664953,2.546655799769053,,escaneo
b4f0c2295ca3c4421a157ab112c057aa,Liga MX,soccer_mexico_ligamx,2026-10-10T23:00:00+00:00,Querétaro,Atlante FC,2026-10-01T05:58:10.220165+00:00,10,0.11409648228174785,1.9329999999999998,3.37,3.3329999999999997,2.0863828710531145,3.8654253063399744,3.8168253274583854,2.128110528474177,3.942733812466774,3.8931618340075533,,escaneo
0d24bc055f77830d504dcde85fc07190,Liga MX,soccer_mexico_ligamx,2026-10-10T23:00:00+00:00,FC Juárez,Tijuana,2026-10-01T05:58:10.220165+00:00,12,0.10690253228591273,2.8341666666666665,3.2991666666666664,2.2175000000000002,3.15255308405626,3.7386997649922065,2.4077581303348947,3.215604145737385,3.8134737602920508,2.4559132929415926,,escaneo
61a93fcf57aba065a24baba199c80e70,Liga MX,soccer_mexico_ligamx,2026-10-11T01:00:00+00:00,Atlas,Guadalajara,2026-10-01T05:58:10.220165+00:00,10,0.10230074630336339,2.8999999999999995,3.393,2.1609999999999996,3.218255619996626,3.836942470507525,2.332913913739488,3.2826207323965586,3.9136813199176754,2.379572192014278,,escaneo
6625fc9c60426ff3097656d9e604a5e3,Liga MX,soccer_mexico_ligamx,2026-10-11T03:00:00+00:00,América,Monterrey,2026-10-01T05:58:10.220165+00:00,12,0.10556841942220618,1.8516666666666666,3.5516666666666663,3.5216666666666665,1.9807293562967048,4.058960774782374,4.019825992938859,2.0203439434226387,4.140139990278022,4.100222512797636,,escaneo
310785f8a87085a98f1f95ba6ff1021b,Liga MX,soccer_mexico_ligamx,2026-10-11T23:00:00+00:00,Atlético San Luis,Santos Laguna,2026-10-01T05:58:10.220165+00:00,12,0.10784424149257621,1.885,3.4683333333333337,3.4599999999999995,2.0220161228956846,3.962360096375801,3.9514874222755894,2.062456445353598,4.041607298303317,4.030517170721101,,escaneo
b2f5462ff4f1c48fce0e5b488fd4b56f,Liga MX,soccer_mexico_ligamx,2026-10-11T23:15:00+00:00,Pachuca,Necaxa,2026-10-01T05:58:10.220165+00:00,12,0.10604421802648822,1.6016666666666666,3.7541666666666664,4.644166666666666,1.6977883635859419,4.328580342731085,5.556302250597349,1.7317441308576607,4.415151949585707,5.667428295609295,,escaneo
496f7bb4b48b08f7a1ac448b056acb21,Liga MX,soccer_mexico_ligamx,2026-10-12T01:00:00+00:00,Pumas,Cruz Azul,2026-10-01T05:58:10.220165+00:00,10,0.10168034114545499,3.3440000000000003,3.505,1.9329999999999998,3.771455596588209,3.9775149859281957,2.0685213107560565,3.846884708519973,4.05706528564676,2.1098917369711776,,escaneo
0fc933670b2cf487a5ac2878f500492f,Nations League,soccer_uefa_nations_league,2026-10-01T16:00:00+00:00,Azerbaijan,Liechtenstein,2026-10-01T05:58:10.220165+00:00,14,0.07062222200235513,1.125,7.507142857142857,20.607142857142858,1.155604252525778,9.118618968988342,40.022216464480294,1.1787163375762935,9.30099134836811,40.8226607937699,,escaneo
0db832b7346f766521d9e67cd5ab1687,Nations League,soccer_uefa_nations_league,2026-10-01T18:45:00+00:00,Republic of Ireland,Austria,2026-10-01T05:58:10.220165+00:00,11,0.07488897312163334,3.47,3.1827272727272726,2.1163636363636367,3.799082526891339,3.457420704358249,2.234409186336998,3.8750641774291656,3.526569118445414,2.279097370063738,,escaneo
d4cee9aa708870095e23599afb35bce0,Nations League,soccer_uefa_nations_league,2026-10-01T18:45:00+00:00,Denmark,Portugal,2026-10-01T05:58:10.220165+00:00,16,0.06841086730098933,3.4375,3.5775,2.0081249999999997,3.7298754318084764,3.8952764979993133,2.1044951450689604,3.804472940444646,3.9731820279592998,2.1465850479703397,"3.61, 3.69, 2.06",escaneo
546150d4747a3a5108c7e9860426bf36,Nations League,soccer_uefa_nations_league,2026-10-01T18:45:00+00:00,Germany,Serbia,2026-10-01T05:58:10.220165+00:00,16,0.06207632840068911,1.19875,6.683125,12.780625,1.2292409104929782,7.755636040659263,17.375794435731724,1.2538257287028378,7.910748761472448,17.72331032444636,"1.21, 6.73, 14.54",escaneo
a2b54d223ce491ac52af34a462de0140,Nations League,soccer_uefa_nations_league,2026-10-01T18:45:00+00:00,Malta,Gibraltar,2026-10-01T05:58:10.220165+00:00,14,0.07846997519877141,1.2828571428571427,4.8428571428571425,10.814285714285715,1.32739833384449,5.545296230214079,15.079858631007243,1.3539463005213797,5.656202154818361,15.381455803627388,,escaneo
6321b7d465a21274f0da7a5e50dbf5ef,Nations League,soccer_uefa_nations_league,2026-10-01T18:45:00+00:00,Greece,Netherlands,2026-10-01T05:58:10.220165+00:00,16,0.06844773058072495,3.409375,3.5262499999999997,2.034375,3.696953604094124,3.8347753278215664,2.133399103013295,3.7708926761760067,3.911470834377998,2.176067085073561,"3.51, 3.67, 2.10",escaneo
adc5517ae91bb43f3406d577b489abc0,Nations League,soccer_uefa_nations_league,2026-10-01T18:45:00+00:00,Israel,Kosovo,2026-10-01T05:58:10.220165+00:00,14,0.0723792628753559,3.1028571428571423,3.322857142857142,2.2264285714285714,3.3539355688025547,3.612463462598807,2.352811619093476,3.421014280178606,3.684712731850783,2.3998678514753458,,escaneo
16d310e835713f3457023deb98fb9f74,Nations League,soccer_uefa_nations_league,2026-10-01T18:45:00+00:00,Wales,Norway,2026-10-01T05:58:10.220165+00:00,16,0.06782926704783221,6.53125,4.7437499999999995,1.420625,7.662818093473371,5.31366756637397,1.4677697408358759,7.8160744553428385,5.4199409177014495,1.4971251356525934,"6.95, 5.00, 1.44",escaneo
7db202b104fa0b2c3efc16c9ab45dc1e,Nations League,soccer_uefa_nations_league,2026-10-02T14:00:00+00:00,Kazakhstan,Moldova,2026-10-01T05:58:10.220165+00:00,13,0.07856576249605451,1.693076923076923,3.5330769230769232,4.88076923076923,1.7716297331543436,3.8933105171648545,5.5960601716723195,1.8070623278174305,3.9711767275081518,5.707981375105766,,escaneo
2752b34190caefe2813fa470ff2c01d4,Nations League,soccer_uefa_nations_league,2026-10-02T16:00:00+00:00,Cyprus,Armenia,2026-10-01T05:58:10.220165+00:00,14,0.08140750258715412,2.2414285714285715,3.2049999999999996,3.093571428571429,2.386588100809053,3.510291254042003,3.377064664834131,2.434319862825234,3.580497079122843,3.444605958130814,,escaneo
32c438139763280b8efb86423e5b911e,Nations League,soccer_uefa_nations_league,2026-10-02T16:00:00+00:00,Latvia,Montenegro,2026-10-01T05:58:10.220165+00:00,14,0.0785959100912681,4.3378571428571435,3.395714285714285,1.806428571428572,4.894045568147226,3.7273070162432784,1.89616648160591,4.9919264795101705,3.801853156568144,1.9340898112380283,,escaneo
429e47b7c49fba99d5cbcba70b9c48c5,Nations League,soccer_uefa_nations_league,2026-10-02T18:45:00+00:00,Belgium,Turkey,2026-10-01T05:58:10.220165+00:00,16,0.0697791801062646,1.486875,4.648125,5.491875,1.54013966155379,5.211569203549324,6.29614097270494,1.5709424547848658,5.315800587620311,6.422063792159039,"1.52, 4.84, 5.76",escaneo
b575f66a4bee31eb4f46cfbb2f3d7182,Nations League,soccer_uefa_nations_league,2026-10-02T18:45:00+00:00,Bosnia & Herzegovina,Sweden,2026-10-01T05:58:10.220165+00:00,14,0.07505329906567981,2.952142857142857,3.442857142857143,2.242857142857143,3.187563620432954,3.767348661588977,2.3761880884398234,3.251314892841613,3.842695634820757,2.42371185020862,,escaneo
a7769e85ee3c914abe40a277de800869,Nations League,soccer_uefa_nations_league,2026-10-02T18:45:00+00:00,Faroe Islands,Slovakia,2026-10-01T05:58:10.220165+00:00,14,0.07787373104851136,5.887142857142858,3.62,1.5828571428571432,6.949088090148177,3.9954422619976664,1.6506797160904438,7.088069851951141,4.07535110723762,1.6836933104122527,,escaneo
e5ef3c5aba98aed80abcb9eb0d592bff,Nations League,soccer_uefa_nations_league,2026-10-02T18:45:00+00:00,France,Italy,2026-10-01T05:58:10.220165+00:00,16,0.06984537478664854,1.405625,4.9475,6.398124999999999,1.4531810297396082,5.591574853418549,7.518005725961568,1.4822446503344004,5.70340635048692,7.668365840480799,"1.44, 5.20, 6.64",escaneo
aa65ea35f0aa1c0bb87cbcb9e5341b5b,Nations League,soccer_uefa_nations_league,2026-10-02T18:45:00+00:00,Hungary,Georgia,2026-10-01T05:58:10.220165+00:00,14,0.07797210906455065,2.062857142857143,3.2899999999999996,3.4571428571428564,2.1797232383297516,3.597631344221792,3.798446882540613,2.2233177030963467,3.669583971106228,3.874415820191425,,escaneo
4985fdd6c7e6801fcca1f9f1e78aed66,Nations League,soccer_uefa_nations_league,2026-10-02T18:45:00+00:00,Ukraine,Northern Ireland,2026-10-01T05:58:10.220165+00:00,14,0.07552702596028782,1.8900000000000001,3.2635714285714283,4.166428571428571,1.984422860865111,3.5557185627133916,4.654669169234438,2.0241113180824133,3.6268329339676595,4.747762552619127,,escaneo
fdb1dbf27fe19575c7ce64fdfd4bcaa9,Nations League,soccer_uefa_nations_league,2026-10-02T18:45:00+00:00,Poland,Romania,2026-10-01T05:58:10.220165+00:00,14,0.07488028209810937,1.5264285714285715,4.107142857142856,5.672857142857144,1.5868887151733553,4.576278551460502,6.608602534023421,1.6186264894768223,4.667804122489713,6.74077458470389,,escaneo
1a1a08419af12933b4c6a72b729b5b59,Nations League,soccer_uefa_nations_league,2026-10-03T13:00:00+00:00,Finland,Albania,2026-10-01T05:58:10.220165+00:00,14,0.0871675146766735,2.3649999999999998,3.1092857142857144,2.917857142857143,2.539507481374057,3.418085478091965,3.18815109580269,2.590297631001538,3.4864471876538046,3.251914117718744,,escaneo
05615ea2e80df56ae5b887dec1ca2f52,Nations League,soccer_uefa_nations_league,2026-10-03T16:00:00+00:00,Belarus,San Marino,2026-10-01T05:58:10.220165+00:00,12,0.07155210095299402,1.0983333333333334,8.820833333333335,20.958333333333332,1.127879280603262,11.171028382788279,41.905848880557755,1.1504368662153273,11.394448950444044,42.74396585816891,,escaneo
a2b398e3cd93d7096008281dde9e6504,Nations League,soccer_uefa_nations_league,2026-10-03T16:00:00+00:00,Iceland,Bulgaria,2026-10-01T05:58:10.220165+00:00,12,0.08576744541338122,1.4024999999999999,4.283333333333334,7.179166666666666,1.4610840356652597,4.881051542721176,9.0331964745644,1.490305716378565,4.978672573575599,9.213860404055689,,escaneo
ead81aac8131ba7e2f42e6989f4ba3c2,Nations League,soccer_uefa_nations_league,2026-10-03T16:00:00+00:00,Croatia,England,2026-10-01T05:58:10.220165+00:00,16,0.07324382018633102,3.820625,3.65375,1.859375,4.213672385966802,4.011604670452466,1.9477970168812866,4.297945833686138,4.091836763861515,1.9867529572189124,"4.00, 3.94, 1.88",escaneo
0cfc30ef36263d5a16208197656b29ff,Nations League,soccer_uefa_nations_league,2026-10-03T16:00:00+00:00,Estonia,Luxembourg,2026-10-01T05:58:10.220165+00:00,9,0.08733356137902804,2.85,3.0477777777777777,2.448888888888889,3.107848504192757,3.3445182505334246,2.636871632921328,3.1700054742766124,3.4114086155440932,2.6896090655797544,,escaneo
a1b75fa94c18a201e6feec4cd04a2d56,Nations League,soccer_uefa_nations_league,2026-10-03T18:45:00+00:00,Spain,Czech Republic,2026-10-01T05:58:10.220165+00:00,13,0.06596831709301232,1.0684615384615386,10.938461538461537,25.89153846153846,1.094168894233093,14.402768584346012,60.120658746366786,1.1160522721177548,14.690823956032933,61.32307192129412,"1.07, 12.65, 27.34",escaneo
1156265e39cc2b943da422a53d2a832a,Nations League,soccer_uefa_nations_league,2026-10-03T18:45:00+00:00,North Macedonia,Scotland,2026-10-01T05:58:10.220165+00:00,11,0.08416748764076276,4.614545454545455,3.4299999999999997,1.7363636363636366,5.300814924236162,3.79521965857143,1.8252824951312847,5.406831222720886,3.871124051742859,1.8617881450339104,,escaneo
b6048b1da7816b2a0944013e6c139609,Nations League,soccer_uefa_nations_league,2026-10-03T18:45:00+00:00,Switzerland,Slovenia,2026-10-01T05:58:10.220165+00:00,12,0.08146832967601103,1.3233333333333335,4.705,8.829166666666667,1.3726621229735194,5.394216304111409,11.61374600340389,1.4001153654329899,5.502100630193637,11.846020923471967,,escaneo
18c29d24c37e4fa9c5c2a12218c87944,Nations League,soccer_uefa_nations_league,2026-10-04T18:45:00+00:00,Wales,Denmark,2026-10-01T05:58:10.220165+00:00,13,0.08591462782930837,3.926153846153846,3.7353846153846155,1.7746153846153847,4.4235263730399215,4.182843112703275,1.8696335390682455,4.51199690050072,4.266499974957341,1.9070262098496105,"4.20, 3.84, 1.81",escaneo
4a0c0e7aa93708ae03af18db691f750f,Nations League,soccer_uefa_nations_league,2026-10-04T18:45:00+00:00,Greece,Germany,2026-10-01T05:58:10.220165+00:00,13,0.08510142972327817,3.3276923076923075,3.5623076923076926,1.9846153846153844,3.6745602263251524,3.9627538459035065,2.103010387704818,3.7480514308516555,4.0420089228215765,2.145070595458914,"3.38, 3.64, 2.08",escaneo
1dc55d09f236eff7e5bc8e754d23e144,Nations League,soccer_uefa_nations_league,2026-10-04T18:45:00+00:00,Republic of Ireland,Israel,2026-10-01T05:58:10.220165+00:00,11,0.08890406550193619,1.8672727272727274,3.456363636363636,3.7872727272727262,1.9766528812833162,3.8507937373802474,4.266074043976797,2.0161859389089827,3.9278096121278523,4.351395524856333,,escaneo
8de611cbeea26af7bae8f076d9237fd4,Nations League,soccer_uefa_nations_league,2026-10-04T18:45:00+00:00,Netherlands,Serbia,2026-10-01T05:58:10.220165+00:00,12,0.08515339655069898,1.23,5.688333333333333,10.379166666666666,1.2744963543193273,6.783618405284723,14.714021990159692,1.299986281405714,6.919290773390418,15.008302429962885,,escaneo
a902c361d1a8c4fd596ffb93d71ab378,Nations League,soccer_uefa_nations_league,2026-10-04T18:45:00+00:00,Portugal,Norway,2026-10-01T05:58:10.220165+00:00,12,0.08686304462308292,1.7625000000000002,3.9675000000000007,3.7391666666666663,1.8572808270738297,4.4824247085106474,4.193137229308071,1.8944264436153062,4.57207320268086,4.276999973894233,,escaneo
2b0a946cac613732fcbf57ce931490a1,Champions League,soccer_uefa_champs_league,2026-10-13T16:45:00+00:00,RC Lens,Sporting Lisbon,2026-10-01T05:58:10.220165+00:00,18,0.0666105300309674,2.403888888888889,3.6416666666666666,2.6594444444444445,2.5394304052608114,3.9620274169650975,2.8263368105707696,2.5902190133660277,4.0412679653043995,2.882863546782185,"2.47, 3.79, 2.62",escaneo
46f726554e6876fb828c767bfbfdfdad,Champions League,soccer_uefa_champs_league,2026-10-13T16:45:00+00:00,Sabah FK,Slavia Praha,2026-10-01T05:58:10.220165+00:00,19,0.06649209967747893,3.4842105263157896,3.70421052631579,1.9626315789473683,3.7757929577753857,4.035528397156054,2.0518883776865744,3.8513088169308936,4.116238965099175,2.092926145240306,"3.61, 3.74, 1.97",escaneo
93177465a42a0fb7802f1c8b06d6ee3a,Champions League,soccer_uefa_champs_league,2026-10-13T19:00:00+00:00,Arsenal,Lille,2026-10-01T05:58:10.220165+00:00,18,0.06600233636717223,1.2594444444444446,5.481111111111112,11.166111111111112,1.2953366140129077,6.232704984114091,14.80255269291536,1.3212433462931659,6.357359083796372,15.098603746773668,,escaneo
a9c22e08b395ee5753c8a65bc0eb97cf,Champions League,soccer_uefa_champs_league,2026-10-13T19:00:00+00:00,Atlético Madrid,Manchester United,2026-10-01T05:58:10.220165+00:00,19,0.06511464821790347,2.193684210526316,3.7852631578947378,2.8978947368421055,2.3033553874801393,4.124093270744679,3.092402082391257,2.3494224952297422,4.206575136159573,3.154250124039082,"2.26, 3.74, 2.94",escaneo
dd431688ed5c8f383b6434fd4f01e883,Champions League,soccer_uefa_champs_league,2026-10-13T19:00:00+00:00,Galatasaray,Barcelona,2026-10-01T05:58:10.220165+00:00,18,0.06342491140927153,8.068888888888887,5.896111111111111,1.298888888888889,9.728462676830505,6.735744894080766,1.3355643371006547,9.923031930367115,6.870459791962381,1.3622756238426679,,escaneo
8a9d20b23417357011c10585a99335e9,Champions League,soccer_uefa_champs_league,2026-10-13T19:00:00+00:00,Viking FK,Bayern Munich,2026-10-01T05:58:10.220165+00:00,19,0.060180888955595035,17.79842105263158,10.939473684210526,1.0957894736842106,27.68207252822024,14.015067377926451,1.120418354832427,28.235713978784645,14.29536872548498,1.1428267219290755,"14.62, 12.14, 1.10",escaneo
ca3f4b075d835413f9cb7bd3c439fdd0,Champions League,soccer_uefa_champs_league,2026-10-13T19:00:00+00:00,Inter Milan,Club Brugge,2026-10-01T05:58:10.220165+00:00,19,0.06407484877197023,1.28,5.536842105263158,9.783157894736842,1.315976970834613,6.279431613751511,12.367329346286086,1.3422965102513051,6.405020246026541,12.614675933211808,"1.27, 5.87, 9.43",escaneo
09e41b63d1d59bd4d971c54ffce154d3,Champions League,soccer_uefa_champs_league,2026-10-13T19:00:00+00:00,Villarreal,Napoli,2026-10-01T05:58:10.220165+00:00,19,0.06594475171466119,2.2321052631578944,3.4768421052631573,3.027368421052632,2.34727479168986,3.7645537598685688,3.24319095077426,2.394220287523657,3.83984483506594,3.308054769789745,"2.20, 3.63, 3.12",escaneo
da9e9e9eb9a238ed97827c4a8fbe6044,Champions League,soccer_uefa_champs_league,2026-10-13T19:00:00+00:00,RB Leipzig,PSV Eindhoven,2026-10-01T05:58:10.220165+00:00,19,0.06457808912113117,2.0073684210526315,3.9568421052631577,3.187894736842105,2.0980255139380963,4.3252453101222175,3.422774845782434,2.1399860242168582,4.411750216324662,3.4912303426980826,"2.02, 4.22, 3.14",escaneo
5d6f9accd6f79ae4216dfd29ccc342b2,Champions League,soccer_uefa_champs_league,2026-10-14T16:45:00+00:00,Feyenoord,Como,2026-10-01T05:58:10.220165+00:00,18,0.06387069863823558,3.5283333333333338,4.026111111111111,1.8794444444444443,3.8149053549675127,4.403571345445895,1.9577827929594331,3.891203462066863,4.491642772354814,1.996938448818622,"3.49, 4.29, 1.88",escaneo
2903ee092f7e08c549b130a3d394ac3c,Champions League,soccer_uefa_champs_league,2026-10-14T16:45:00+00:00,LASK,Liverpool,2026-10-01T05:58:10.220165+00:00,19,0.06770053899799588,9.355263157894738,5.970526315789473,1.260526315789474,11.85889965800718,6.900236193858949,1.2974332361249072,12.096077651167324,7.038240917736128,1.3233819008474055,"8.50, 6.45, 1.26",escaneo
0f961390e790ad2c80ecb3f302cad4a6,Champions League,soccer_uefa_champs_league,2026-10-14T19:00:00+00:00,Shakhtar Donetsk,AEK Athens,2026-10-01T05:58:10.220165+00:00,19,0.06719904909579011,2.6510526315789478,3.430526315789474,2.5094736842105267,2.8184180117738684,3.716079939590952,2.658936253700458,2.874786372009346,3.790401538382771,2.7121149787744674,"2.73, 3.52, 2.51",escaneo
d4ef112438afa4c2cdbbfc9376a009c9,Champions League,soccer_uefa_champs_league,2026-10-14T19:00:00+00:00,AS Roma,Real Madrid,2026-10-01T05:58:10.220165+00:00,19,0.06486002816063507,3.3299999999999996,3.8026315789473686,1.9936842105263155,3.5883413093991336,4.143261225870115,2.0834898558267287,3.6601081355871163,4.226126450387517,2.1251596529432635,"3.30, 3.82, 2.05",escaneo
3f3cb74e560dfcc3e795b667ed9ebdef,Champions League,soccer_uefa_champs_league,2026-10-14T19:00:00+00:00,Aston Villa,Fenerbahce,2026-10-01T05:58:10.220165+00:00,18,0.06513838282944695,1.7305555555555554,3.7927777777777774,4.471666666666667,1.798120278834133,4.133150147040769,4.9525184633772605,1.8340826844108158,4.215813149981585,5.051568832644806,,escaneo
ca87a3874b0eae31b4173ae4a9324957,Champions League,soccer_uefa_champs_league,2026-10-14T19:00:00+00:00,Bodø/Glimt,Borussia Dortmund,2026-10-01T05:58:10.220165+00:00,19,0.06534519108778536,3.0747368421052634,3.9342105263157894,2.0578947368421048,3.29544282731547,4.3029468814781735,2.1544676917120835,3.361351683861779,4.389005819107737,2.197557045546325,"3.11, 4.06, 2.07",escaneo
5a1a6a04c5561897741105e30d5d7ec4,Champions League,soccer_uefa_champs_league,2026-10-14T19:00:00+00:00,Manchester City,Paris Saint Germain,2026-10-01T05:58:10.220165+00:00,19,0.0658491930425451,2.1347368421052635,3.857894736842106,2.956842105263158,2.239681366752638,4.2148032278733805,3.162066172569331,2.2844749940876907,4.299099292430848,3.2253074960207178,"2.12, 3.94, 3.07",escaneo
4c7f87780ae5ab8bec9e83d6d6ec9909,Champions League,soccer_uefa_champs_league,2026-10-14T19:00:00+00:00,Real Betis,Porto,2026-10-01T05:58:10.220165+00:00,19,0.0648050627056298,2.0915789473684208,3.5784210526315787,3.254736842105263,2.1905516524602255,3.878206128745218,3.5008757430104827,2.23436268550943,3.9557702513201227,3.5708932578706922,"2.16, 3.63, 3.20",escaneo
d7576351b8cb2396e32cc3de0446f3de,Champions League,soccer_uefa_champs_league,2026-10-14T19:00:00+00:00,ŠK Slovan Bratislava,VfB Stuttgart,2026-10-01T05:58:10.220165+00:00,19,0.06503010006027043,7.997894736842106,5.518421052631579,1.3178947368421057,9.675277993392845,6.2682345233112295,1.3566510123336184,9.868783553260702,6.393599213777454,1.3837840325802908,"8.31, 5.84, 1.29",escaneo
431fc65e67cd737bceb5827118d3f7eb,Europa League,soccer_uefa_europa_league,2026-10-15T16:45:00+00:00,Salzburg,AC Milan,2026-10-01T05:58:10.220165+00:00,16,0.06702627611074297,3.920625,3.868125,1.806875,4.297022536978646,4.234039151725688,1.8828859134950937,4.382962987718218,4.318719934760202,1.9205436317649955,"4.01, 3.97, 1.81",escaneo
571499e2d0a5fccc92b7801aa4d6c124,Europa League,soccer_uefa_europa_league,2026-10-15T16:45:00+00:00,AZ Alkmaar,Hapoel Be'er Sheva,2026-10-01T05:58:10.220165+00:00,16,0.06938728693168028,1.3075,5.303125,8.620625,1.3482735343970433,6.044525218875206,10.767534128241717,1.3752390050849843,6.1654157232527105,10.982884810806551,"1.31, 5.67, 8.58",escaneo
c3923b733e33ae8ebd1f024cd5312d1e,Europa League,soccer_uefa_europa_league,2026-10-15T16:45:00+00:00,Lech Poznań,Bayer Leverkusen,2026-10-01T05:58:10.220165+00:00,16,0.0677344266969746,4.48625,4.15625,1.655,4.9918838594049735,4.586664442726806,1.7192426395217857,5.091721536593073,4.6783977315813425,1.7536274923122215,"4.47, 4.34, 1.67",escaneo
25ce4d73c9b993d26f00c1df2d0b820c,Europa League,soccer_uefa_europa_league,2026-10-15T16:45:00+00:00,Lyon,Crystal Palace,2026-10-01T05:58:10.220165+00:00,16,0.06782351994050995,2.136875,3.62625,3.085625,2.2453480519223077,3.9500845679484256,3.3170179007050864,2.290255012960754,4.029086259307394,3.383358258719188,"2.17, 3.70, 3.13",escaneo
fad99d69743794a14fe2961d8fb9e8f2,Europa League,soccer_uefa_europa_league,2026-10-15T16:45:00+00:00,Sparta Prague,Lillestrom,2026-10-01T05:58:10.220165+00:00,16,0.06519620441597374,1.34125,5.029375,8.27875,1.3815186953590062,5.646533932341827,10.094982264222958,1.4091490692661863,5.759464610988664,10.296881909507418,"1.36, 5.15, 7.81",escaneo
d3113d05007ddfba3077a7fafbef05c4,Europa League,soccer_uefa_europa_league,2026-10-15T16:45:00+00:00,NK Celje,Omonoia FC,2026-10-01T05:58:10.220165+00:00,15,0.06533172229876993,2.386,3.3626666666666667,2.8666666666666667,2.516772762222971,3.6283708160430344,3.0575432526213238,2.5671082174674305,3.700938232363895,3.1186941176737504,"2.41, 3.44, 2.90",escaneo
3809b92a425c41c325bafc8d8d598512,Europa League,soccer_uefa_europa_league,2026-10-15T16:45:00+00:00,Union Saint-Gilloise,Real Sociedad,2026-10-01T05:58:10.220165+00:00,16,0.06713453711152995,2.2975,3.50375,2.8862500000000004,2.422025705910682,3.8018431902693512,3.0855421407108765,2.4704662200288956,3.8778800540747382,3.147252983525094,"2.32, 3.65, 2.91",escaneo
da3a8db9ad8d25b73789727f7dde009d,Europa League,soccer_uefa_europa_league,2026-10-15T16:45:00+00:00,Torreense,Sunderland,2026-10-01T05:58:10.220165+00:00,14,0.0731142200163466,6.053571428571428,4.707142857142857,1.4378571428571427,7.10124719516849,5.317121389741303,1.49007318311984,7.24327213907186,5.423463817536129,1.5198746467822368,,escaneo
3ee605005bdc62da54d42a0ec3e1a930,Europa League,soccer_uefa_europa_league,2026-10-15T19:00:00+00:00,Dinamo Zagreb,Anderlecht,2026-10-01T05:58:10.220165+00:00,16,0.06820718520560964,1.873125,3.5975,3.900625,1.956443800709174,3.91795666070477,4.280209144208483,1.9955726767233575,3.996315793918866,4.365813327092653,"1.84, 3.74, 4.13",escaneo
feda75190a774fb92164059453b037be,Europa League,soccer_uefa_europa_league,2026-10-15T19:00:00+00:00,Benfica,Celtic,2026-10-01T05:58:10.220165+00:00,15,0.06695329277985818,1.2446666666666666,5.871999999999999,10.726666666666667,1.280229097454954,6.757580302132926,14.102812551246053,1.305833679404053,6.892731908175584,14.384868802270974,,escaneo
4cfd3c3636333951706a205b96dc1db3,Europa League,soccer_uefa_europa_league,2026-10-15T19:00:00+00:00,TSG Hoffenheim,Besiktas JK,2026-10-01T05:58:10.220165+00:00,16,0.06848871263871992,1.9612499999999997,3.8637499999999996,3.3356250000000003,2.0531801041287387,4.237533296657619,3.6105733656947274,2.0942437062113135,4.322283962590772,3.682784833008622,"1.91, 4.04, 3.56",escaneo
0def5b7ac0c0a816aa080774d7082c9b,Europa League,soccer_uefa_europa_league,2026-10-15T19:00:00+00:00,Bournemouth,SK Sturm Graz,2026-10-01T05:58:10.220165+00:00,16,0.06652078931632777,1.19375,6.80875,12.201875,1.2262073791687755,8.019487986554116,16.72771692529489,1.250731526752151,8.179877746285198,17.06227126380079,"1.19, 7.44, 13.08",escaneo
ffb25c5623fb586a4cc3b35286f404f9,Europa League,soccer_uefa_europa_league,2026-10-15T19:00:00+00:00,Celta Vigo,Juventus,2026-10-01T05:58:10.220165+00:00,15,0.0729336032347021,3.4126666666666665,3.4346666666666663,2.0460000000000003,3.721417920966071,3.7475940365045197,2.153096567933556,3.7958462793853927,3.8225459172346103,2.196158499292227,"3.48, 3.46, 2.11",escaneo
b03dd3e42a0894b49f11ac599d2eb3b1,Europa League,soccer_uefa_europa_league,2026-10-15T19:00:00+00:00,Jagiellonia Białystok,FC Ararat-Armenia,2026-10-01T05:58:10.220165+00:00,16,0.06846158480103215,1.401875,4.7075000000000005,7.0075,1.4482053005142934,5.274082185574679,8.341416361512618,1.4771694065245793,5.379563829286173,8.50824468874287,"1.40, 4.95, 7.12",escaneo
3d74f2cf08612874adfb17130fd73f25,Europa League,soccer_uefa_europa_league,2026-10-15T19:00:00+00:00,Ferencváros TC,Viktoria Plzeň,2026-10-01T05:58:10.220165+00:00,16,0.06750339195254984,1.88875,3.734375,3.7,1.972582817924206,4.07695171131445,4.036015145130769,2.0120344742826903,4.158490745540739,4.116735448033384,"1.89, 4.00, 3.66",escaneo
74f9b907f2114c72382b930fb94c1373,Europa League,soccer_uefa_europa_league,2026-10-15T19:00:00+00:00,Marseille,Olympiakos Piraeus,2026-10-01T05:58:10.220165+00:00,16,0.06765439749058655,2.0793749999999998,3.6012500000000003,3.2356249999999998,2.18168044113765,3.9195720311440154,3.4903059466708024,2.225314049960403,3.9979634717668957,3.5601120656042187,"2.12, 3.63, 3.30",escaneo
3957ec8d52653fa1c852825bea985fb7,Europa League,soccer_uefa_europa_league,2026-10-15T19:00:00+00:00,NEC Nijmegen,PFC Levski Sofia,2026-10-01T05:58:10.220165+00:00,15,0.07077991947874196,1.847333333333334,3.6599999999999997,3.9026666666666663,1.9315179674400011,4.005916944061855,4.298454663475119,1.9701483267888011,4.086035282943093,4.384423756744622,"1.86, 3.78, 4.00",escaneo
9b2bf9bed21283dcad774dd5be7ba1da,Europa League,soccer_uefa_europa_league,2026-10-15T19:00:00+00:00,Rennes,OFI Crete,2026-10-01T05:58:10.220165+00:00,16,0.06706279462661002,1.321875,5.180625,8.508125,1.3621251777120562,5.859169989161127,10.506359833391993,1.3893676812662974,5.976353388944349,10.716487030059833,"1.32, 5.46, 8.43",escaneo
c68442e0bfc400d8e7ee97ec662e13e0,MLS,soccer_usa_mls,2026-10-02T01:30:00+00:00,Seattle Sounders FC,Sporting Kansas City,2026-10-01T05:58:10.220165+00:00,21,0.07546499078206903,1.4861904761904758,4.677142857142856,5.296666666666667,1.543909721555255,5.300800685915877,6.110863683931092,1.5747879159863603,5.406816699634194,6.233080957609714,"1.52, 4.99, 5.35",escaneo
0d9ff865c4599c72a746da08260279b3,MLS,soccer_usa_mls,2026-10-07T00:30:00+00:00,Chicago Fire,Vancouver Whitecaps FC,2026-10-01T05:58:10.220165+00:00,15,0.09205180289264536,2.768666666666667,3.736666666666667,2.1586666666666665,3.0257117284812014,4.2205799373014985,2.31179137277926,3.0862259630508255,4.304991536047528,2.358027200234845,"2.86, 3.87, 2.26",escaneo
fbed9e8f16fe7532998d46a4276e706c,MLS,soccer_usa_mls,2026-10-10T17:00:00+00:00,Toronto FC,CF Montreal,2026-10-01T05:58:10.220165+00:00,12,0.09656960843447826,1.7225000000000001,3.875,3.8766666666666665,1.8236140179554705,4.427234374585067,4.4294100644301695,1.86008629831458,4.515779062076769,4.517998265718773,,escaneo
e1ea9930c10116a19a87a37cfb048757,MLS,soccer_usa_mls,2026-10-10T18:30:00+00:00,Chicago Fire,New York City FC,2026-10-01T05:58:10.220165+00:00,11,0.0966822777971501,1.7227272727272727,3.8972727272727266,3.851818181818182,1.8239936984981069,4.4570775091193156,4.397726360081599,1.860473572468069,4.546219059301702,4.485680887283231,,escaneo
2793c97e3a0354a231d182df3a3968dd,MLS,soccer_usa_mls,2026-10-10T23:30:00+00:00,Atlanta United FC,FC Cincinnati,2026-10-01T05:58:10.220165+00:00,12,0.09834041158257789,2.249166666666667,3.7575,2.5800000000000005,2.4281924175757528,4.285329940408969,2.81835614043995,2.4767562659272677,4.371036539217148,2.874723263248749,,escaneo
e923e7caf339e76d705060afb4b5606e,MLS,soccer_usa_mls,2026-10-10T23:30:00+00:00,Charlotte FC,FC Dallas,2026-10-01T05:58:10.220165+00:00,12,0.0964543003022591,1.9475,3.688333333333333,3.206666666666667,2.07758799933424,4.184560264479811,3.5752735429703084,2.119139759320925,4.268251469769407,3.6467790138297147,,escaneo
09a2b919c3133594273ffbc5a4fa7ba2,MLS,soccer_usa_mls,2026-10-10T23:30:00+00:00,Orlando City SC,Columbus Crew SC,2026-10-01T05:58:10.220165+00:00,12,0.09658144818694092,1.9566666666666668,3.7699999999999996,3.1225000000000005,2.088208265226772,4.290774211957429,3.4714702041209313,2.1299724305313075,4.376589696196578,3.54089960820335,,escaneo
fa36c2f60be6cb1dba4fad4e755a18cb,MLS,soccer_usa_mls,2026-10-10T23:30:00+00:00,Inter Miami CF,D.C. United,2026-10-01T05:58:10.220165+00:00,12,0.09588435328788503,1.3383333333333332,5.076666666666667,6.591666666666668,1.3981388270572037,6.05993783894836,8.351061991896662,1.4261016035983478,6.181136595727327,8.518083231734595,,escaneo
585d4356cd06fc3b25975c32388d71b1,MLS,soccer_usa_mls,2026-10-10T23:30:00+00:00,New England Revolution,Seattle Sounders FC,2026-10-01T05:58:10.220165+00:00,11,0.09898209604017705,1.6881818181818184,3.963636363636363,3.9318181818181817,1.787759911062931,4.559972961114738,4.517911139167455,1.8235151092841897,4.651172420337033,4.608269361950804,,escaneo
99f6f6c45309f9e80baa01f99a7a84cc,MLS,soccer_usa_mls,2026-10-10T23:30:00+00:00,New York Red Bulls,San Diego FC,2026-10-01T05:58:10.220165+00:00,11,0.09659738090457526,2.0372727272727276,3.82,2.907272727272727,2.180296709980838,4.355761569740014,3.207535387000779,2.2239026441804546,4.442876801134814,3.2716860947407946,,escaneo
9ea179b94f97b5ab62469564ac823b7c,MLS,soccer_usa_mls,2026-10-10T23:30:00+00:00,Philadelphia Union,Real Salt Lake,2026-10-01T05:58:10.220165+00:00,12,0.09699645439534943,1.3,5.155,7.4750000000000005,1.357038778322174,6.186041378203197,9.857352988200683,1.3841795538886175,6.309762205767261,10.054500047964696,,escaneo
840fae5fbb92577c705bcb94e98a8094,MLS,soccer_usa_mls,2026-10-11T00:30:00+00:00,Austin FC,Nashville SC,2026-10-01T05:58:10.220165+00:00,12,0.09751093554733581,3.484166666666667,3.5775000000000006,1.883333333333333,3.9291336548756397,4.048236148253268,2.0061395648689158,4.007716327973153,4.129200871218333,2.0462623561662943,,escaneo
a32e431d88dc9e94017ef329c927cf0b,MLS,soccer_usa_mls,2026-10-11T00:30:00+00:00,Minnesota United FC,Houston Dynamo,2026-10-01T05:58:10.220165+00:00,12,0.09572762522313139,2.08,3.4941666666666666,3.0416666666666665,2.2278660388128335,3.932640742141762,3.3686149160091152,2.2724233595890904,4.011293556984597,3.4359872143292978,,escaneo
75b1c7b44d698d3bacd9a233634654c9,MLS,soccer_usa_mls,2026-10-11T00:30:00+00:00,Sporting Kansas City,Portland Timbers,2026-10-01T05:58:10.220165+00:00,11,0.09918942298355127,2.505454545454546,3.8018181818181827,2.2881818181818185,2.7317475901891055,4.348414047541116,2.4754615713593005,2.7863825419928876,4.435382328491938,2.5249708027864863,,escaneo
338dc360cd187885fe4bb319b82dce2e,MLS,soccer_usa_mls,2026-10-11T01:30:00+00:00,Colorado Rapids,San Jose Earthquakes,2026-10-01T05:58:10.220165+00:00,12,0.09837638230590606,1.71,3.816666666666667,3.975,1.811583719991725,4.3626856562686775,4.570797548354228,1.8478153943915596,4.449939369394051,4.662213499321312,,escaneo
ca3575b85cfe58c71464e24d24a819ef,MLS,soccer_usa_mls,2026-10-11T02:30:00+00:00,Los Angeles FC,Vancouver Whitecaps FC,2026-10-01T05:58:10.220165+00:00,11,0.0988444453403341,2.5554545454545456,3.5927272727272723,2.33,2.790399167387152,4.075113593632927,2.5237459196196808,2.846207150734895,4.156615865505586,2.5742208380120744,,escaneo
e4e822bb1af02fe54b255ec4df70291d,MLS,soccer_usa_mls,2026-10-11T23:00:00+00:00,St. Louis City SC,LA Galaxy,2026-10-01T05:58:10.220165+00:00,11,0.09707036055900509,1.5090909090909093,4.239090909090908,5.037272727272727,1.5865616563552372,4.912970448246136,6.018174796341458,1.6182928894823418,5.011229857211059,6.138538292268287,,escaneo
bf5e804636b32bc84559397755275753,Brasil Serie A,soccer_brazil_campeonato,2026-10-02T23:00:00+00:00,Sao Paulo,Santos,2026-10-01T05:58:10.220165+00:00,22,0.08066880656392805,2.0,3.3072727272727267,3.5931818181818187,2.1136715756505517,3.63010225065896,3.977483179002066,2.1559450071635626,3.7027042956721394,4.057032842582108,"2.08, 3.41, 3.65",escaneo
06ec8fc327d7d28f601dc60796a20c65,Brasil Serie A,soccer_brazil_campeonato,2026-10-03T21:30:00+00:00,Atletico Mineiro,Bragantino-SP,2026-10-01T05:58:10.220165+00:00,21,0.08568004315340172,2.0295238095238095,3.337142857142857,3.4095238095238094,2.154399777607982,3.688709511280823,3.777346929375582,2.197487773160142,3.762483701506439,3.8528938679630937,"2.10, 3.50, 3.47",escaneo
133633d4bf9de886a1a7f87849db6541,Brasil Serie A,soccer_brazil_campeonato,2026-10-07T22:30:00+00:00,Bragantino-SP,Mirassol,2026-10-01T05:58:10.220165+00:00,19,0.09166771854236178,1.726315789473684,3.6136842105263165,4.243157894736842,1.8224483802428264,4.062233588585778,4.8752514810331595,1.858897347847683,4.143478260357494,4.972756510653823,"1.80, 3.79, 4.34",escaneo
24acf540ec0fb31c95969ac3a2f7fad7,Brasil Serie A,soccer_brazil_campeonato,2026-10-07T22:30:00+00:00,Internacional,Corinthians,2026-10-01T05:58:10.220165+00:00,19,0.09040725492967594,2.0536842105263156,3.174736842105263,3.466315789473684,2.189170476839462,3.510607475488978,3.8706433128180437,2.2329538863762513,3.5808196249987576,3.948056179074405,"2.12, 3.35, 3.59",escaneo
242d16c03cc1ccbca226d07eabbb65e3,Brasil Serie A,soccer_brazil_campeonato,2026-10-07T22:30:00+00:00,Remo,Grêmio,2026-10-01T05:58:10.220165+00:00,18,0.09177257424496754,2.1411111111111114,3.316666666666667,3.0938888888888894,2.291179780747092,3.6911717707873106,3.4173201872171446,2.3370033763620337,3.7649952062030567,3.4856665909614875,"2.25, 3.50, 3.13",escaneo
403ddf40d72d5dd09cd109c237884af9,Brasil Serie A,soccer_brazil_campeonato,2026-10-07T23:00:00+00:00,Vitoria,Chapecoense,2026-10-01T05:58:10.220165+00:00,19,0.09083079946000283,1.6431578947368422,3.7078947368421047,4.704736842105264,1.729184443382132,4.176797386618305,5.486221709236331,1.7637681322497747,4.260333334350671,5.595946143421057,"1.66, 3.95, 5.08",escaneo
d319757a9b81c976a0677b8cc6c7abad,Brasil Serie A,soccer_brazil_campeonato,2026-10-07T23:30:00+00:00,Botafogo,Vasco da Gama,2026-10-01T05:58:10.220165+00:00,19,0.09073979300116441,2.670526315789474,3.3026315789473686,2.418421052631579,2.905191203386654,3.6691559241716263,2.609287873659538,2.963295027454387,3.742539042655059,2.661473631132729,"2.74, 3.42, 2.56",escaneo
160b49afa70ce1312a6ba4cf93a47ee0,Brasil Serie A,soccer_brazil_campeonato,2026-10-08T00:30:00+00:00,Cruzeiro,Sao Paulo,2026-10-01T05:58:10.220165+00:00,18,0.09319126867390626,1.8444444444444446,3.413888888888889,3.8744444444444444,1.9565454446914263,3.8188736076876038,4.404553602336267,1.9956763535852549,3.8952510798413558,4.492644674382992,"1.92, 3.53, 4.06",escaneo
0730f5688a304703da1240d69f1e5cc4,Brasil Serie A,soccer_brazil_campeonato,2026-10-08T22:30:00+00:00,Santos,Flamengo,2026-10-01T05:58:10.220165+00:00,18,0.0913358908085431,3.9966666666666675,3.5533333333333332,1.7866666666666668,4.550352169061979,3.984371791791244,1.889444107242229,4.641359212443218,4.064059227627069,1.9272329893870737,"4.12, 3.77, 1.84",escaneo
61d9f8c88fe17a59b75af74b21f7e8c8,Brasil Serie A,soccer_brazil_campeonato,2026-10-08T23:00:00+00:00,Atletico Paranaense,Atletico Mineiro,2026-10-01T05:58:10.220165+00:00,17,0.0915091673606645,1.9947058823529409,3.1541176470588232,3.6611764705882353,2.1239359695351983,3.489879770388444,4.121447671192908,2.166414688925902,3.5596773657962126,4.2038766246167665,"2.10, 3.14, 3.94",escaneo
f662003f9942401f40a1f127500f0ac7,Brasil Serie A,soccer_brazil_campeonato,2026-10-09T00:30:00+00:00,Palmeiras,Bahia,2026-10-01T05:58:10.220165+00:00,18,0.09189135925419833,1.5205555555555554,4.1177777777777775,5.225,1.5948355066719755,4.712113868155432,6.220564803505854,1.626732216805415,4.806356145518541,6.344976099575971,"1.56, 4.36, 5.58",escaneo
38a335b265e15cadc748cd78a866bcaf,Brasil Serie A,soccer_brazil_campeonato,2026-10-09T00:30:00+00:00,Fluminense,Coritiba,2026-10-01T05:58:10.220165+00:00,18,0.09290169883851673,1.4661111111111111,4.033888888888889,6.137777777777777,1.535840423105007,4.609728718338585,7.578158277811489,1.566557231567107,4.701923292705357,7.729721443367718,"1.50, 4.28, 6.57",escaneo
8271594ff99b4850f5d30712ce212291,Argentina Primera,soccer_argentina_primera_division,2026-10-02T22:15:00+00:00,Independiente,Instituto de Córdoba,2026-10-01T05:58:10.220165+00:00,13,0.08366349475151047,2.2584615384615385,3.0138461538461536,3.2353846153846155,2.4102689413612013,3.2904033510786777,3.5562581855665494,2.4584743201884254,3.3562114181002514,3.6273833492778804,"2.35, 3.12, 3.31",escaneo
18b5e381f47a18bc09b563be159c8410,Argentina Primera,soccer_argentina_primera_division,2026-10-03T00:30:00+00:00,Boca Juniors,Union Santa Fe,2026-10-01T05:58:10.220165+00:00,12,0.08774408306709924,1.5358333333333336,3.7541666666666664,5.873333333333332,1.6080678974339657,4.2172264403507,7.09154277578614,1.640229255382645,4.301570969157714,7.233373631301863,"1.57, 3.94, 5.96",escaneo
a2d74fa3b2e3d3d3f8cada446c2108b4,Argentina Primera,soccer_argentina_primera_division,2026-10-03T00:30:00+00:00,Independiente Rivadavia,Gimnasia La Plata,2026-10-01T05:58:10.220165+00:00,13,0.08361323685470912,1.8007692307692307,3.4453846153846146,4.200769230769231,1.89592450906869,3.811378260069801,4.75781394946337,1.9338429992500639,3.8876058252711974,4.852970228452637,"1.82, 3.66, 4.35",escaneo
0c3b2822c323d49c67dfb118d2bd66c8,Argentina Primera,soccer_argentina_primera_division,2026-10-03T17:45:00+00:00,Defensa y Justicia,San Lorenzo,2026-10-01T05:58:10.220165+00:00,12,0.08876963539738325,2.1249999999999996,2.8783333333333334,3.6933333333333334,2.2675821451853864,3.1463024448672647,4.146482896179907,2.312933788089094,3.20922849376461,4.229412554103505,"2.18, 2.87, 4.10",escaneo
d6d153e51e6a634e23ea438909779061,Argentina Primera,soccer_argentina_primera_division,2026-10-03T20:00:00+00:00,Atlético Tucuman,Barracas Central,2026-10-01T05:58:10.220165+00:00,12,0.08613863359879059,1.899166666666667,2.985833333333334,4.4508333333333345,2.00870228824397,3.2658180114440865,5.102974220405772,2.0488763340088494,3.3311343716729684,5.205033704813888,"1.95, 3.06, 4.70",escaneo
2af9d1ce2cc79e9caa358954abd751cf,Argentina Primera,soccer_argentina_primera_division,2026-10-03T20:00:00+00:00,Newells Old Boys,Lanus,2026-10-01T05:58:10.220165+00:00,12,0.08769264744263228,2.7983333333333333,2.8925,2.6,3.047621961168217,3.1596493910373185,2.813853710541144,3.108574400391581,3.222842378858065,2.870130784751967,"2.84, 2.98, 2.76",escaneo
aa690fd7e46982c83048052821dc9cc6,Argentina Primera,soccer_argentina_primera_division,2026-10-04T17:45:00+00:00,Atlético Huracán,Aldosivi Mar del Plata,2026-10-01T05:58:10.220165+00:00,12,0.08890390928156289,1.6558333333333335,3.3091666666666666,5.470833333333332,1.741277871241386,3.668967448890226,6.529423704593482,1.7761034286662138,3.7423467978680307,6.660012178685352,"1.70, 3.45, 5.58",escaneo
b572ad6feac72764dd496ddd90f019ce,Argentina Primera,soccer_argentina_primera_division,2026-10-04T20:00:00+00:00,Talleres,Belgrano de Cordoba,2026-10-01T05:58:10.220165+00:00,12,0.08682241127092594,2.4724999999999997,3.0000000000000004,2.865,2.6630581549440944,3.2852317413694823,3.124030224293364,2.7163193180429763,3.350936376196872,3.1865108287792316,"2.58, 3.02, 3.02",escaneo
fd73ff6279d08f38434fb0c4fca0f065,Argentina Primera,soccer_argentina_primera_division,2026-10-04T22:15:00+00:00,Argentinos Juniors,CA Tigre BA,2026-10-01T05:58:10.220165+00:00,12,0.08770944865633501,1.7975,3.1808333333333336,4.608333333333333,1.8972029035449247,3.506968727333879,5.3258995479474125,1.9351469616158232,3.577108101880557,5.4324175389063605,"1.79, 3.41, 5.00",escaneo
82be231269013917c7649f4143004dde,Argentina Primera,soccer_argentina_primera_division,2026-10-05T00:30:00+00:00,Estudiantes de Río Cuarto,Racing Club,2026-10-01T05:58:10.220165+00:00,11,0.08178150574215604,4.078181818181818,3.0227272727272734,1.9772727272727273,4.5882754662702085,3.2941704153502656,2.089922578290371,4.680040975595613,3.360053823657271,2.1317210298561786,"4.30, 3.14, 2.00",escaneo
e87f6e4beae72a0c9132d3f03543b144,Argentina Primera,soccer_argentina_primera_division,2026-10-05T19:45:00+00:00,Deportivo Riestra,Central Córdoba,2026-10-01T05:58:10.220165+00:00,10,0.09709548293520887,1.831,3.0550000000000006,4.4719999999999995,1.9463413767719966,3.390208818458192,5.2288009646777205,1.9852682043074366,3.458012994827356,5.333376983971275,"1.90, 3.14, 4.83",escaneo
570408816c1cec5681409e38c4d04f59,Argentina Primera,soccer_argentina_primera_division,2026-10-05T22:00:00+00:00,Estudiantes,Gimnasia Mendoza,2026-10-01T05:58:10.220165+00:00,11,0.08752504467647926,1.6827272727272726,3.4654545454545453,4.885454545454546,1.7696034654588357,3.855237088326915,5.697543738612623,1.8049955347680124,3.932341830093453,5.811494613384876,"1.72, 3.62, 5.08",escaneo
a918e9889e7c0c7126a1d2bb437d1fbb,Argentina Primera,soccer_argentina_primera_division,2026-10-05T22:00:00+00:00,Velez Sarsfield BA,Platense,2026-10-01T05:58:10.220165+00:00,12,0.09077870937526344,1.8550000000000002,3.025,4.522500000000001,1.9653161471744214,3.3297932901803966,5.239522979193248,2.00462247011791,3.3963891559840045,5.344313438777113,"1.93, 3.15, 4.63",escaneo
887722a9c77581f0bb94ffde30026253,Argentina Primera,soccer_argentina_primera_division,2026-10-06T00:15:00+00:00,Banfield,Rosario Central,2026-10-01T05:58:10.220165+00:00,10,0.09690600158409879,3.996,3.2329999999999997,1.861,4.58824515119775,3.6100009462409197,1.9800274134377096,4.680010054221705,3.6822009651657384,2.0196279617064636,"4.26, 3.39, 1.92",escaneo
4d9ca33b88d61314c79c75fc7a109dec,Argentina Primera,soccer_argentina_primera_division,2026-10-10T20:00:00+00:00,Central Córdoba,Estudiantes,2026-10-01T05:58:10.220165+00:00,8,0.10590577994606876,3.6775,2.90625,2.04125,4.226150890846334,3.238508772494001,2.1997652079703838,4.310673908663261,3.3032789479438813,2.2437605121297914,,escaneo
ae0467d02e1e53bb0ebaba185b5917aa,Argentina Primera,soccer_argentina_primera_division,2026-10-10T22:15:00+00:00,CA Tigre BA,Banfield,2026-10-01T05:58:10.220165+00:00,9,0.09787582345664814,1.7066666666666666,3.183333333333333,5.0555555555555545,1.8072978580407009,3.552260937181494,6.054114460547095,1.843443815201515,3.6233061559251243,6.175196749758037,,escaneo
1507425376d8bf9c482d9761e8be72b0,Argentina Primera,soccer_argentina_primera_division,2026-10-11T00:30:00+00:00,River Plate,Estudiantes de Río Cuarto,2026-10-01T05:58:10.220165+00:00,8,0.09155547049088342,1.1825,5.475,15.8125,1.2267718843740307,6.573329262269979,30.559903371314984,1.2513073220615114,6.704795847515379,31.171101438741285,,escaneo
295b7888e9346eb782c5b9ef22221c52,Argentina Primera,soccer_argentina_primera_division,2026-10-11T17:45:00+00:00,San Lorenzo,Deportivo Riestra,2026-10-01T05:58:10.220165+00:00,7,0.11486037261364279,2.1142857142857143,2.735714285714286,3.6185714285714283,2.3005102098366295,3.0557821682221182,4.200527102907198,2.346520414033362,3.116897811586561,4.284537644965343,,escaneo
d46cc37bbea091d772e0803a53078703,Argentina Primera,soccer_argentina_primera_division,2026-10-11T20:00:00+00:00,Platense,Argentinos Juniors,2026-10-01T05:58:10.220165+00:00,7,0.11410690309318983,3.334285714285715,2.8957142857142864,2.132857142857143,3.818562152188688,3.2541246475950576,2.3211602830174805,3.894933395232462,3.319207140546959,2.36758348867783,,escaneo
0349c82e45e4342369596c2017d36d63,Argentina Primera,soccer_argentina_primera_division,2026-10-11T20:00:00+00:00,Rosario Central,Independiente Rivadavia,2026-10-01T05:58:10.220165+00:00,7,0.1139530749290214,1.9614285714285715,3.042857142857143,3.6299999999999994,2.1193259999881415,3.440515253836514,4.210566465016843,2.1617125199879044,3.509325558913244,4.29477779431718,,escaneo
32c0c0e4d625e121749708d239ffe8a4,Argentina Primera,soccer_argentina_primera_division,2026-10-11T22:15:00+00:00,Racing Club,Belgrano de Cordoba,2026-10-01T05:58:10.220165+00:00,6,0.12018596019395988,2.2433333333333336,2.828333333333333,3.1166666666666667,2.4648558172078006,3.18976083528685,3.5613343730804443,2.514152933551957,3.2535560519925872,3.632561060542053,,escaneo
a238f34cc0cb3f59267b8d63af610b28,Argentina Primera,soccer_argentina_primera_division,2026-10-12T00:30:00+00:00,Talleres,Independiente,2026-10-01T05:58:10.220165+00:00,7,0.11223802999987931,2.3714285714285714,2.9200000000000004,2.8728571428571428,2.6023093339704446,3.278118059412994,3.218820024340633,2.6543555206498537,3.3436804206012543,3.283196424827446,,escaneo
1629edf1896c89bbb5bc3187bc3a6163,Argentina Primera,soccer_argentina_primera_division,2026-10-12T19:00:00+00:00,Lanus,Velez Sarsfield BA,2026-10-01T05:58:10.220165+00:00,7,0.11420217683845868,2.13,2.8057142857142856,3.468571428571429,2.3179473930382164,3.14121567844405,3.9962317473788245,2.3643063408989806,3.204039992012931,4.076156382326401,,escaneo
6195812c615898d3c37e59c0e2689662,Argentina Primera,soccer_argentina_primera_division,2026-10-12T21:30:00+00:00,Gimnasia Mendoza,Newells Old Boys,2026-10-01T05:58:10.220165+00:00,5,0.10978598917957383,2.128,2.878,3.4200000000000004,2.307712816317198,3.2167974823136642,3.90926851890028,2.353867072643542,3.2811334319599377,3.9874538892782856,,escaneo
